DRAMP_ID,Sequence
DRAMP21468,KFFⓀKLKⓀAVKKGFKKFAKV
DRAMP21469,KFFⓀKLKKAVⓀKGFKKFAKV
DRAMP21470,KFFKⓀLKKAVKⓀGFKKFAKV
DRAMP21471,KFFKKLⓀKAVⓀKGFKKFAKV
DRAMP21472,KFFKKLKⓀAVKⓀGFKKFAKV
DRAMP21473,KFFKKLKⓀAVKKGFⓀKFAKV
DRAMP21474,KFFKKLKKAVⓀKGFⓀKFAKV
DRAMP21475,KFFKKLKKAVKⓀGFKKFAⓀV
DRAMP21476,KFFKKLKKAVKⓀGFKⓀFAKV
DRAMP21477,KFFKKLKKAVKKGFⓀKFAⓀV
DRAMP21478,KFFKKLKKAVKⓀGFKⓀFAKV
DRAMP21479,KFFKKLKKAVKⓀGFKⓀFAKV
DRAMP21480,KFFKKLKKAVKⓀGFKⓀFAKV
DRAMP21502,IDWKKLLⓀAAKⒼIL
DRAMP21503,IⓀWKKLLⒼAAKQIL
DRAMP21617,qqrkrkiwsⓚlapⓓgttlvklvagig
DRAMP21619,PLIⓀLRLⒹRGQF
DRAMP21621,AAⓀLLPⒹLLAAP
DRAMP21623,KLALKALKⓀLKAⒹLKLA
DRAMP29239,IEEQAKTFLDKFNHEⓀEDLⒺYQSSLASWNYNTNIT
DRAMP29240,IEEQAKTFLDKⓀNHEⒺEDLFYQSSLASWNYNTNIT
DRAMP29241,IEEQAKTⓀLDKⒺNHEAEDLFYQSSLASWNYNTNIT
