paper_Peptide,paper_Sequence_norm,match_how,DRAMP_ID,DRAMP_Name,DRAMP_Hiden_Sequence
Mag2,GIGKFLHSAKKFGKAFVGEIMNS,NOT_IN_DRAMP,,,
Mag(i+4)0,XIGKXLHSAKKFGKAFVGEIJNS,sequence,DRAMP21504,Mag(I+4)0,XIGKXLHSAKKFGKAFVGEIJNS
Mag(i+4)1,GXGKFXHSAKKFGKAFVGEIJNS,sequence,DRAMP21505,Mag(i+4)1,GXGKFXHSAKKFGKAFVGEIJNS
Mag(i+4)2,GIXKFLXSAKKFGKAFVGEIJNS,sequence,DRAMP21506,Mag(i+4)2,GIXKFLXSAKKFGKAFVGEIJNS
Mag(i+4)3,GIGXFLHXAKKFGKAFVGEIJNS,sequence,DRAMP21507,Mag(I+4)3,GIGXFLHXAKKFGKAFVGEIJNS
Mag(i+4)4,GIGKXLHSXKKFGKAFVGEIJNS,sequence,DRAMP21508,Mag(I+4)4,GIGKXLHSXKKFGKAFVGEIJNS
Mag(i+4)5,GIGKFXHSAXKFGKAFVGEIJNS,sequence,DRAMP21509,Mag(I+4)5,GIGKFXHSAXKFGKAFVGEIJNS
Mag(i+4)6,GIGKFLXSAKXFGKAFVGEIJNS,sequence,DRAMP21510,Mag(I+4)6,GIGKFLXSAKXFGKAFVGEIJNS
Mag(i+4)7,GIGKFLHXAKKXGKAFVGEIJNS,sequence,DRAMP21511,Mag(I+4)7,GIGKFLHXAKKXGKAFVGEIJNS
Mag(i+4)8,GIGKFLHSXKKFXKAFVGEIJNS,sequence,DRAMP21512,Mag(I+4)8,GIGKFLHSXKKFXKAFVGEIJNS
Mag(i+4)9,GIGKFLHSAXKFGXAFVGEIJNS,sequence,DRAMP21513,Mag(I+4)9,GIGKFLHSAXKFGXAFVGEIJNS
Mag(i+4)10,GIGKFLHSAKXFGKXFVGEIJNS,sequence,DRAMP21514,Mag(I+4)10,GIGKFLHSAKXFGKXFVGEIJNS
Mag(i+4)11,GIGKFLHSAKKXGKAXVGEIJNS,sequence,DRAMP21515,Mag(I+4)11,GIGKFLHSAKKXGKAXVGEIJNS
Mag(i+4)12,GIGKFLHSAKKFXKAFXGEIJNS,sequence,DRAMP21516,Mag(I+4)12,GIGKFLHSAKKFXKAFXGEIJNS
Mag(i+4)13,GIGKFLHSAKKFGXAFVXEIJNS,sequence,DRAMP21517,Mag(I+4)13,GIGKFLHSAKKFGXAFVXEIJNS
Mag(i+4)14,GIGKFLHSAKKFGKXFVGXIJNS,sequence,DRAMP21518,Mag(I+4)14,GIGKFLHSAKKFGKXFVGXIJNS
Mag(i+4)15,GIGKFLHSAKKFGKAXVGEXJNS,sequence,DRAMP21519,Mag(I+4)15,GIGKFLHSAKKFGKAXVGEXJNS
Mag(i+4)16,GIGKFLHSAKKFGKAFXGEIXNS,sequence,DRAMP21520,Mag(I+4)16,GIGKFLHSAKKFGKAFXGEIXNS
Mag(i+4)17,GIGKFLHSAKKFGKAFVXEIJXS,sequence,DRAMP21521,Mag(I+4)17,GIGKFLHSAKKFGKAFVXEIJXS
Mag(i+4)18,GIGKFLHSAKKFGKAFVGXIJNX,sequence,DRAMP21522,Mag(I+4)18,GIGKFLHSAKKFGKAFVGXIJNX
Mag(i+4)15(G1K),KIGKFLHSAKKFGKAXVGEXJNS,sequence,DRAMP21523,Mag(i+4)15(G1K),KIGKFLHSAKKFGKAXVGEXJNS
Mag(i+4)15(I2K),GKGKFLHSAKKFGKAXVGEXJNS,sequence,DRAMP21524,Mag(i+4)15(I2K),GKGKFLHSAKKFGKAXVGEXJNS
Mag(i+4)15(G3K),GIKKFLHSAKKFGKAXVGEXJNS,sequence,DRAMP21525,Mag(i+4)15(G3K),GIKKFLHSAKKFGKAXVGEXJNS
Mag(i+4)15(F5K),GIGKKXHSAKKFGKAXVGEXJNS,name,DRAMP21526,Mag(i+4)15(F5K),GIGKKLHSAKKFGKAXVGEXJNS
Mag(i+4)15(L6K),GIGKFKHSAKKFGKAXVGEXJNS,sequence,DRAMP21527,Mag(i+4)15(L6K),GIGKFKHSAKKFGKAXVGEXJNS
Mag(i+4)15(H7K),GIGKFLKSAKKFGKAXVGEXJNS,sequence,DRAMP21528,Mag(i+4)15(H7K),GIGKFLKSAKKFGKAXVGEXJNS
Mag(i+4)15(S8K),GIGKFLHKAKKFGKAXVGEXJNS,sequence,DRAMP21529,Mag(i+4)15(S8K),GIGKFLHKAKKFGKAXVGEXJNS
Mag(i+4)15(A9K),GIGKFLHSKKKFGKAXVGEXJNS,sequence,DRAMP21530,Mag(i+4)15(A9K),GIGKFLHSKKKFGKAXVGEXJNS
Mag(i+4)15(F12K),GIGKFLHSAKKKGKAXVGEXJNS,sequence,DRAMP21531,Mag(i+4)15(F12K),GIGKFLHSAKKKGKAXVGEXJNS
Mag(i+4)15(G13K),GIGKFLHSAKKFKKAXVGEXJNS,sequence,DRAMP21532,Mag(i+4)15(G13K),GIGKFLHSAKKFKKAXVGEXJNS
Mag(i+4)15(A15K),GIGKFLHSAKKFGKKXVGEXJNS,sequence,DRAMP21533,Mag(i+4)15(A15K),GIGKFLHSAKKFGKKXVGEXJNS
Mag(i+4)15(V17K),GIGKFLHSAKKFGKAXKGEXJNS,sequence,DRAMP21534,Mag(i+4)15(V17K),GIGKFLHSAKKFGKAXKGEXJNS
Mag(i+4)15(G18K),GIGKFLHSAKKFGKAXVKEXJNS,sequence,DRAMP21535,Mag(i+4)15(G18K),GIGKFLHSAKKFGKAXVKEXJNS
Mag(i+4)15(E19K),GIGKFLHSAKKFGKAXVGKXJNS,sequence,DRAMP21536,Mag(i+4)15(E19K),GIGKFLHSAKKFGKAXVGKXJNS
Mag(i+4)15(B21K),GIGKFLHSAKKFGKAXVGEXKNS,sequence,DRAMP21537,Mag(i+4)15(B21K),GIGKFLHSAKKFGKAXVGEXKNS
Mag(i+4)15(N22K),GIGKFLHSAKKFGKAXVGEXJKS,sequence,DRAMP21538,Mag(i+4)15(N22K),GIGKFLHSAKKFGKAXVGEXJKS
Mag(i+4)15(S23K),GIGKFLHSAKKFGKAXVGEXJNK,sequence,DRAMP21539,Mag(i+4)15(S23K),GIGKFLHSAKKFGKAXVGEXJNK
"Mag(i+4)1,15(A9K)",GXGKFXHSKKKFGKAXVGEXJNS,sequence,DRAMP21542,"Mag(i+4)1,15(A9K)",GXGKFXHSKKKFGKAXVGEXBNS
"Mag(i+4)1,15(K4R, A9K)",GXGRFXHSKKKFGKAXVGEXJNS,NOT_IN_DRAMP,,,
"Mag(i+4)1,15(K4R, A9K, K10R)",GXGRFXHSKRKFGKAXVGEXJNS,NOT_IN_DRAMP,,,
"Mag(i+4)1,15(K4H, A9K)",GXGHFXHSKKKFGKAXVGEXJNS,NOT_IN_DRAMP,,,
"Mag(i+4)1,15(K4H, A9K, K10H)",GXGHFXHSKHKFGKAXVGEXJNS,NOT_IN_DRAMP,,,
"Mag(i+4)1,15(K4H, A9K, K10H, K11H)",GXGHFXHSKHHFGKAXVGEXJNS,NOT_IN_DRAMP,,,
"Mag(i+4)1,15(A9K, B21A)",GXGKFXHSKKKFGKAXVGEXANS,NOT_IN_DRAMP,,,
"Mag(i+4)1,15(A9K, B21A, N22K, S23K)",GXGKFXHSKKKFGKAXVGEXAKK,NOT_IN_DRAMP,,,
