peptide_id,sequence,netCharge,FC,LW,DP,NK,AE,pcMK,_SolventAccessibilityD1025,tau2_GRAR740104,tau4_GRAR740104,QSO50_GRAR740104,QSO29_GRAR740104,label
Pep-000014,TSFEYWALL,-1.0,0.0,0.0,0.0,0.0,0.0,0.0,33.333,9439.714285714286,14580.4,0.0,0.0,0
Pep-000016,KKLAKFLVSALKALK,5.0,0.0,0.0,0.0,0.0,0.0,0.0,26.667,11548.846153846154,7435.0,0.0,0.062735,0
Pep-000017,KALVKLAALKFKLKS,5.0,0.0,0.0,0.0,0.0,0.0,0.0,20.0,6993.461538461538,8496.0,0.0,0.051844,0
Pep-000023,ATTYDFISGRTGRRNAIHD,2.0,0.0,0.0,0.0,0.0,0.0,0.0,5.263,12920.235294117647,7911.533333333334,0.0,0.065451,0
Pep-000025,TTYDFISGRTGRRNAIHD,2.0,0.0,0.0,0.0,0.0,0.0,0.0,27.778,13517.5,7342.642857142857,0.0,0.063964,0
Pep-000028,TDVTTYDFIASGRTGRRNAIHD,1.0,0.0,0.0,0.0,0.0,0.0,0.0,36.364,11365.5,8752.777777777777,0.0,0.059904,0
Pep-000030,TDVTTYDFIASGRTGRRNAIHD,1.0,0.0,0.0,0.0,0.0,0.0,0.0,36.364,11365.5,8752.777777777777,0.0,0.059904,0
Pep-000040,YARAAARQARAFMRRRHIVRKRLRRLLQRE,12.0,0.0,0.0,0.0,0.0,0.0,0.5,16.667,6808.75,6077.0,0.0,0.043986,0
Pep-000043,TSFEYALL,-1.0,0.0,0.0,0.0,0.0,0.0,0.0,37.5,6575.666666666667,9448.25,0.0,0.0,0
Pep-000070,TARAKLAKIKESV,3.0,0.0,0.0,0.0,0.0,0.0,0.0,15.385,8517.454545454546,9762.666666666666,0.0,0.052638,0
Pep-000071,RAKKAKIKESV,4.0,0.0,0.0,0.0,0.0,0.0,0.0,18.182,8802.444444444445,8730.714285714286,0.0,0.036359,0
Pep-000145,HSDAVFTDNYTRRKQAVKKYLNSILNGK,5.0,0.0,0.0,0.0,0.0,0.0,0.0,17.857,12708.538461538461,7258.291666666667,0.0,0.054449,0
Pep-000146,HSDAVFTDNYTRLRKQAVKYLNSILNGK,4.0,0.0,0.0,0.0,0.0,0.0,0.0,17.857,12731.115384615385,8468.75,0.0,0.052794,0
Pep-000147,HSDAVFTDNYTRLRKQIAVKYLNILNGK,4.0,0.0,0.0,0.0,0.0,0.0,0.0,17.857,11125.615384615385,9314.0,0.0,0.047435,0
Pep-000148,HSDAVFTDNYTRLRKQIAVKKYLSILGK,5.0,0.0,0.0,0.0,0.0,0.0,0.0,17.857,10783.5,9484.458333333334,0.0,0.042907,0
Pep-000250,ISFELLDYYESGS,-3.0,0.0,0.0,0.0,0.0,0.0,0.0,7.692,11643.0,14908.111111111111,0.0,0.048286,0
Pep-000258,IKLSPTKDLKKVLKGAIKGAIAVAKMV,6.0,0.0,0.0,0.0,0.0,0.0,0.125,33.333,9719.04,5669.652173913043,0.0,0.056011,0
Pep-000259,IKLSPETKDNLKKVLKGIKGIAVAKMV,5.0,0.0,0.0,0.0,0.0,0.0,0.125,40.741,9438.72,8135.913043478261,0.0,0.065183,0
Pep-000260,IKLSPTKDLKKVLKGIKGIAVAKMV,6.0,0.0,0.0,0.0,0.0,0.0,0.125,36.0,9276.304347826086,8173.952380952381,0.0,0.050911,0
Pep-000265,IKLSKTKDLKKVLKGAIKGAIAVAKMV,7.0,0.0,0.0,0.0,0.0,0.0,0.1111111111111111,33.333,9368.48,5809.826086956522,0.0,0.051896,0
Pep-000266,IKLSPTKKLKKVLKGAIKGAIAVAKMV,8.0,0.0,0.0,0.0,0.0,0.0,0.1111111111111111,33.333,9265.36,5527.086956521739,0.0,0.054288,0
Pep-000267,IKLSKTKKLKKVLKGAIKGAIAVAKMV,9.0,0.0,0.0,0.0,0.0,0.0,0.1,33.333,8914.8,5667.260869565217,0.0,0.050016,0
Pep-000268,IKLSKKTKKNLKKVLKGIKGIAVAKMV,10.0,0.0,0.0,0.0,0.0,0.0,0.09090909090909091,40.741,9131.28,7416.347826086957,0.0,0.064399,0
Pep-000269,IKLSKETKKNLKKVLKGIKGIAVAKMV,8.0,0.0,0.0,0.0,0.0,0.0,0.1,40.741,8927.08,7245.217391304348,0.0,0.065505,0
Pep-000270,IKLSPTKKLKKVLKGIKGIAVAKMV,8.0,0.0,0.0,0.0,0.0,0.0,0.1111111111111111,36.0,8783.173913043478,8017.809523809524,0.0,0.051398,0
Pep-000271,IKLSKTKKLKKVLKGIKGIAVAKMV,9.0,0.0,0.0,0.0,0.0,0.0,0.1,36.0,8402.130434782608,8171.333333333333,0.0,0.046913,0
Pep-000275,ACLTFHYWAQLS,1.0,0.0,0.0,0.0,0.0,0.0,0.0,8.333,9110.3,13336.875,0.0,0.077947,0
Pep-000280,IWIAQELRIGDFNAYYARR,1.0,0.0,0.0,0.0,0.0,0.0,0.0,10.526,12088.823529411764,12714.066666666668,0.0,0.070528,0
Pep-000281,IWIAQELDIGDFNAYYARR,-1.0,0.0,0.0,0.0,0.0,0.0,0.0,10.526,11637.058823529413,14397.533333333333,0.0,0.066232,0
Pep-000285,RLARIVIRAR,4.0,0.0,0.0,0.0,0.0,0.0,0.0,20.0,7381.5,6220.166666666667,0.0,0.0,0
Pep-000286,RLARIVIRVR,4.0,0.0,0.0,0.0,0.0,0.0,0.0,20.0,6382.125,4887.666666666667,0.0,0.0,0
Pep-000288,RLRRLRRLLR,6.0,0.0,0.0,0.0,0.0,0.0,0.0,20.0,7803.0,5202.0,0.0,0.0,0
Pep-000289,RLLRRLRRLR,6.0,0.0,0.0,0.0,0.0,0.0,0.0,20.0,7803.0,5202.0,0.0,0.0,0
Pep-000301,DFTADLEWFAL,-3.0,0.0,0.0,0.0,0.0,0.0,0.0,18.182,9352.111111111111,12314.57142857143,0.0,0.022587,0
Pep-000302,NFTADLEWFAL,-2.0,0.0,0.0,0.0,0.0,0.0,0.0,18.182,9018.777777777777,12390.142857142857,0.0,0.018642,0
Pep-000303,DFTANLEWFAL,-2.0,0.0,0.0,0.0,0.0,0.0,0.0,18.182,8989.777777777777,11480.857142857143,0.0,0.023817,0
Pep-000304,NFTANLEWFAL,-1.0,0.0,0.0,0.0,0.0,0.0,0.0,18.182,8656.444444444445,11405.285714285714,0.0,0.019748,0
Pep-000309,TAYFLKLGRW,2.0,0.0,0.0,0.0,0.0,0.0,0.0,20.0,11665.25,11151.5,0.0,0.03844,0
Pep-000324,ITFDLLYYGP,-1.0,0.0,0.0,0.0,0.0,0.0,0.0,10.0,9254.375,10536.833333333334,0.0,0.01984,0
Pep-000325,RRIIIRR,4.0,0.0,0.0,0.0,0.0,0.0,0.0,71.429,7527.2,6272.666666666667,0.0,0.0,0
Pep-000326,RRIIIRRC,4.0,0.0,0.0,0.0,0.0,0.0,0.0,37.5,11672.666666666666,14505.5,0.0,0.0,0
Pep-000328,IIIRRC,2.0,0.0,0.0,0.0,0.0,0.0,0.0,16.667,12804.5,24306.5,0.0,0.0,0
Pep-000329,IIRRRIIC,3.0,0.0,0.0,0.0,0.0,0.0,0.0,12.5,12806.666666666666,12804.5,0.0,0.0,0
Pep-000343,ACCLPISTVRVALRRL,3.0,0.0,0.0,0.0,0.0,0.0,0.0,12.5,13324.92857142857,9430.833333333334,0.0,0.079842,0
Pep-000344,ALPISTVRVALRRL,3.0,0.0,0.0,0.0,0.0,0.0,0.0,14.286,6790.666666666667,7049.4,0.0,0.060811,0
Pep-000345,ACPQILDQHV,0.0,0.0,0.0,0.0,0.0,0.0,0.0,10.0,12876.125,11594.0,0.0,0.006945,0
Pep-000349,ACPQILDQHVRVMKALAPYIP,2.0,0.0,0.0,0.0,0.0,0.0,0.5,9.524,9648.315789473685,8794.411764705883,0.0,0.062977,0
Pep-000350,ACRRWPILDHVRRVWR,5.0,0.0,0.0,0.0,0.0,0.0,0.0,12.5,12778.42857142857,12019.083333333334,0.0,0.057094,0
Pep-000351,ACRRWPILDHVRRVWRALAPYIP,5.0,0.0,0.0,0.0,0.0,0.0,0.0,21.739,12118.047619047618,10716.21052631579,0.0,0.055755,0
Pep-000354,SFFDKRSR,2.0,0.0,0.0,0.0,0.0,0.0,0.0,37.5,14935.833333333334,14322.75,0.0,0.0,0
Pep-000402,LAAIRH,2.0,0.0,0.0,0.0,0.0,0.0,0.0,16.667,9858.0,8900.0,0.0,0.0,0
Pep-000415,EDIIRNIARHLAVGDNDRSIW,0.0,0.0,0.0,0.0,0.0,0.0,0.0,19.048,11611.157894736842,10327.70588235294,0.0,0.051798,0
Pep-000435,ACLSQETFSDWKLLPENH,-1.0,0.0,0.0,0.0,0.0,0.0,0.0,5.556,12013.4375,15119.357142857143,0.0,0.077977,0
Pep-000436,ACLSQEFSDLWKLPENNH,-1.0,0.0,5.88,0.0,0.0,0.0,0.0,5.556,12837.0,12652.642857142857,0.0,0.062522,0
Pep-000437,ACLSQTFSDLWLLPENNH,-1.0,0.0,5.88,0.0,0.0,0.0,0.0,11.111,11679.125,12915.357142857143,0.0,0.059431,0
Pep-000438,ACLSQETFDLWKLLENNH,-1.0,0.0,5.88,0.0,0.0,0.0,0.0,11.111,11138.9375,15282.642857142857,0.0,0.067474,0
Pep-000439,ACLSQETFNLWKLLQNNH,1.0,0.0,5.88,0.0,0.0,0.0,0.0,11.111,10425.9375,14283.785714285714,0.0,0.07054,0
Pep-000440,ACLSQQTFNLWRLLQNNH,2.0,0.0,5.88,0.0,0.0,0.0,0.0,11.111,9800.3125,13291.357142857143,0.0,0.072472,0
Pep-000441,ACQSQQTFNLWKLLQNNH,2.0,0.0,5.88,0.0,0.0,0.0,0.0,5.556,9074.4375,12986.714285714286,0.0,0.071047,0
Pep-000442,ACQSQQTFNLWRLLQNNH,2.0,0.0,5.88,0.0,0.0,0.0,0.0,5.556,8943.8125,12812.785714285714,0.0,0.071517,0
Pep-000443,ACQSQQTANLWRLLQNNH,2.0,0.0,5.88,0.0,0.0,0.0,0.0,5.556,9166.125,12020.714285714286,0.0,0.066165,0
Pep-000444,ACQSQQTANLWRKKQNNH,4.0,0.0,5.88,0.0,0.0,0.0,0.0,5.556,7548.5,10129.714285714286,0.0,0.062857,0
Pep-000447,GRKRRQRRR,7.0,0.0,0.0,0.0,0.0,0.0,0.0,11.111,2929.0,3630.0,0.0,0.0,0
Pep-000448,GRKKRRRRR,8.0,0.0,0.0,0.0,0.0,0.0,0.0,11.111,2593.8571428571427,3395.4,0.0,0.0,0
Pep-000449,YGRKRRQRR,6.0,0.0,0.0,0.0,0.0,0.0,0.0,22.222,3776.0,4815.8,0.0,0.0,0
Pep-000451,YGRARRQRR,5.0,0.0,0.0,0.0,0.0,0.0,0.0,44.444,3681.5714285714284,7189.4,0.0,0.0,0
Pep-000452,YGRARRQRA,4.0,0.0,0.0,0.0,0.0,0.0,0.0,100.0,4600.428571428572,9698.2,0.0,0.0,0
Pep-000453,YGRAARQRA,3.0,0.0,0.0,0.0,0.0,0.0,0.0,22.222,7311.285714285715,8512.4,0.0,0.0,0
Pep-000454,YGRKRRQRR,6.0,0.0,0.0,0.0,0.0,0.0,0.0,22.222,3776.0,4815.8,0.0,0.0,0
Pep-000455,YGRKRRQRR,6.0,0.0,0.0,0.0,0.0,0.0,0.0,22.222,3776.0,4815.8,0.0,0.0,0
Pep-000456,YGRKRRQRR,6.0,0.0,0.0,0.0,0.0,0.0,0.0,22.222,3776.0,4815.8,0.0,0.0,0
Pep-000493,SFKDLWTLK,1.0,0.0,12.5,0.0,0.0,0.0,0.0,22.222,15492.714285714286,13948.4,0.0,0.0,0
Pep-000494,SFKDLWTLKECH,1.0,0.0,9.09,0.0,0.0,0.0,0.0,16.667,16989.7,15606.0,0.0,0.050933,0
Pep-000503,ACLFDIKKIAESF,0.0,0.0,0.0,0.0,0.0,8.33,0.0,15.385,15533.454545454546,14690.111111111111,0.0,0.04237,0
Pep-000504,ACGFDIKKIAESF,0.0,0.0,0.0,0.0,0.0,8.33,0.0,15.385,13136.727272727272,15210.111111111111,0.0,0.02677,0
Pep-000505,ACGLDIIKIAESF,-1.0,0.0,0.0,0.0,0.0,8.33,0.0,15.385,13535.09090909091,17205.777777777777,0.0,0.027533,0
Pep-000506,ACGLFIIKIAESF,0.0,0.0,0.0,0.0,0.0,8.33,0.0,15.385,12334.181818181818,13773.555555555555,0.0,0.029521,0
Pep-000507,ACGLFDIKKAESF,0.0,0.0,0.0,0.0,0.0,8.33,0.0,15.385,14601.454545454546,15048.888888888889,0.0,0.027015,0
Pep-000508,ACGLFDIKKIESF,0.0,0.0,0.0,0.0,0.0,0.0,0.0,15.385,15467.90909090909,16420.88888888889,0.0,0.034086,0
Pep-000509,ACGLFDIIKIASF,0.0,0.0,0.0,0.0,0.0,0.0,0.0,15.385,16275.90909090909,14751.888888888889,0.0,0.042993,0
Pep-000510,ACGLFDIIKIAEF,-1.0,0.0,0.0,0.0,0.0,8.33,0.0,15.385,16075.181818181818,14506.555555555555,0.0,0.04871,0
Pep-000511,ACGLFDIIKKAES,0.0,0.0,0.0,0.0,0.0,8.33,0.0,15.385,15403.90909090909,12974.777777777777,0.0,0.06777,0
Pep-000513,ACTVFTSWEYLWV,-1.0,0.0,8.33,0.0,0.0,0.0,0.0,15.385,11383.0,12200.888888888889,0.0,0.065981,0
Pep-000514,ACHVFRSWEYLWVKKKKKK,7.0,0.0,5.56,0.0,0.0,0.0,0.0,10.526,8730.411764705883,10814.133333333333,0.0,0.058686,0
Pep-000516,NLWAAQRYGRELRSDFVDSFKK,2.0,0.0,4.76,0.0,0.0,0.0,0.0,13.636,15847.45,6944.777777777777,0.0,0.047093,0
Pep-000547,GFKLLKAAKALVKTVLF,4.0,0.0,0.0,0.0,0.0,0.0,0.0,23.529,8221.8,7824.076923076923,0.0,0.062611,0
Pep-000548,GFKDLLKAAKLVKTVLF,3.0,0.0,0.0,0.0,0.0,0.0,0.0,11.765,12455.733333333334,7798.923076923077,0.0,0.056932,0
Pep-000549,GFKDLLKGAAKLVKVLF,3.0,0.0,0.0,0.0,0.0,0.0,0.0,29.412,12605.266666666666,7160.076923076923,0.0,0.071069,0
Pep-000550,GFKDLLKGAKALVKVLF,3.0,0.0,0.0,0.0,0.0,0.0,0.0,29.412,12486.133333333333,6923.153846153846,0.0,0.082108,0
Pep-000551,ACRRFFGILTNLKTEEGN,1.0,0.0,0.0,0.0,0.0,0.0,0.0,11.111,11404.9375,10711.214285714286,0.0,0.061232,0
Pep-000552,ACFFGILTNLKTE,0.0,0.0,0.0,0.0,0.0,0.0,0.0,15.385,14356.181818181818,8170.555555555556,0.0,0.076782,0
Pep-000553,ACFGILTNLKT,1.0,0.0,0.0,0.0,0.0,0.0,0.0,9.091,12736.555555555555,10931.857142857143,0.0,0.044574,0
Pep-000554,ACGILTNLK,1.0,0.0,0.0,0.0,0.0,0.0,0.0,11.111,15782.57142857143,9858.2,0.0,0.0,0
Pep-000555,ACILTNL,0.0,0.0,0.0,0.0,0.0,0.0,0.0,14.286,17566.8,7570.0,0.0,0.0,0
Pep-000556,ACLTN,0.0,0.0,0.0,0.0,0.0,0.0,0.0,60.0,18275.333333333332,12321.0,0.0,0.0,0
Pep-000557,ACILTNLKT,1.0,0.0,0.0,0.0,0.0,0.0,0.0,11.111,15019.142857142857,6831.8,0.0,0.0,0
Pep-000558,ACLTNLKT,1.0,0.0,0.0,0.0,0.0,0.0,0.0,12.5,13431.666666666666,15743.5,0.0,0.0,0
Pep-000559,ACFGILTNL,0.0,0.0,0.0,0.0,0.0,0.0,0.0,11.111,13904.142857142857,13014.8,0.0,0.0,0
Pep-000560,ACFGILTN,0.0,0.0,0.0,0.0,0.0,0.0,0.0,12.5,14810.833333333334,16262.25,0.0,0.0,0
Pep-000563,HKILRLLQGGG,3.0,0.0,0.0,0.0,0.0,0.0,0.0,27.273,8831.111111111111,11256.714285714286,0.0,0.046406,0
Pep-000564,HKILRLLQGGGRRRRRRR,10.0,0.0,0.0,0.0,0.0,0.0,0.0,16.667,6920.625,9108.642857142857,0.0,0.070411,0
Pep-000566,LLKIKTLL,2.0,0.0,0.0,0.0,0.0,0.0,0.0,12.5,6551.333333333333,7846.75,0.0,0.0,0
Pep-000567,GLKRKTLL,3.0,0.0,0.0,0.0,0.0,0.0,0.0,12.5,8581.166666666666,11611.5,0.0,0.0,0
Pep-000568,GLKRITLL,2.0,0.0,0.0,0.0,0.0,0.0,0.0,12.5,8411.166666666666,12135.5,0.0,0.0,0
Pep-000569,GLLRIKLL,2.0,0.0,0.0,0.0,0.0,0.0,0.0,12.5,6937.166666666667,10019.5,0.0,0.0,0
Pep-000570,GLLKIKTL,2.0,0.0,0.0,0.0,0.0,0.0,0.0,12.5,8314.666666666666,12396.75,0.0,0.0,0
Pep-000571,GLLKRKTL,3.0,0.0,0.0,0.0,0.0,0.0,0.0,12.5,9564.5,11746.75,0.0,0.0,0
Pep-000583,HIKKLKSAKKFVKAFK,8.0,0.0,0.0,0.0,0.0,0.0,0.0,12.5,9783.42857142857,8858.083333333334,0.0,0.048626,0
Pep-000584,HGIKKLKSKKFVKAFK,8.0,0.0,0.0,0.0,0.0,0.0,0.0,12.5,9888.357142857143,8582.25,0.0,0.036632,0
Pep-000585,HGIKKFLKAKKVKAFK,8.0,0.0,0.0,0.0,0.0,0.0,0.0,18.75,8801.642857142857,9103.416666666666,0.0,0.044252,0
Pep-000586,HGIKKFLKSKKFKAFK,8.0,0.0,0.0,0.0,0.0,0.0,0.0,12.5,10578.92857142857,9836.75,0.0,0.03863,0
Pep-000587,HGIKKFLKSAKKVKAK,8.0,0.0,0.0,0.0,0.0,0.0,0.0,12.5,9947.785714285714,8430.416666666666,0.0,0.067706,0
Pep-000588,HGIKKLKSAKKVKAFK,8.0,0.0,0.0,0.0,0.0,0.0,0.0,12.5,10007.214285714286,10454.916666666666,0.0,0.02978,0
Pep-000589,HGIKKFLKAKKFVKFK,8.0,0.0,0.0,0.0,0.0,0.0,0.0,18.75,8628.214285714286,7737.916666666667,0.0,0.042519,0
Pep-000590,HGIKKFLKSKKFVKAK,8.0,0.0,0.0,0.0,0.0,0.0,0.0,12.5,9828.92857142857,9031.0,0.0,0.05072,0
Pep-000591,IKKLKSAKKFVKAFK,7.0,0.0,0.0,0.0,0.0,0.0,0.0,6.667,10457.23076923077,8772.363636363636,0.0,0.051735,0
Pep-000592,IKKLKSAKKFVKAFK,7.0,0.0,0.0,0.0,0.0,0.0,0.0,6.667,10457.23076923077,8772.363636363636,0.0,0.051735,0
Pep-000593,IKKLKSAKKFVKAFK,7.0,0.0,0.0,0.0,0.0,0.0,0.0,6.667,10457.23076923077,8772.363636363636,0.0,0.051735,0
Pep-000613,IEQAKTFDKFNHEAEDLFYQS,-2.0,0.0,0.0,0.0,0.0,5.0,0.0,4.762,11505.157894736842,10692.235294117647,0.0,0.054392,0
Pep-000614,IEEQKTFLDKNHEAEDLFYQS,-3.0,0.0,0.0,0.0,0.0,5.0,0.0,4.762,10410.157894736842,11239.823529411764,0.0,0.055632,0
Pep-000615,IEEQATFLDKFHEAEDLFYQS,-4.0,0.0,0.0,0.0,0.0,5.0,0.0,23.81,13531.947368421053,11062.117647058823,0.0,0.061116,0
Pep-000616,IEEQAKTFDKFNHEEDLFYQS,-3.0,0.0,0.0,0.0,0.0,0.0,0.0,4.762,10835.105263157895,10585.823529411764,0.0,0.054609,0
Pep-000617,IEEQAKTFLDKNHEAEDFYQS,-3.0,0.0,0.0,0.0,0.0,5.0,0.0,4.762,10739.263157894737,8747.941176470587,0.0,0.063878,0
Pep-000618,IEEQAKTFLDKFHEAEDLYQS,-3.0,0.0,0.0,0.0,0.0,5.0,0.0,4.762,13233.631578947368,8295.941176470587,0.0,0.081639,0
Pep-000619,IEEQAKTFLDKFNHEEDLFYQ,-3.0,0.0,0.0,0.0,0.0,0.0,0.0,4.762,11512.842105263158,9199.70588235294,0.0,0.075611,0
Pep-000620,HEAEDLFYQS,-2.0,0.0,0.0,0.0,0.0,11.11,0.0,70.0,13641.625,13000.666666666666,0.0,0.016764,0
Pep-000621,HEEDLYQS,-2.0,0.0,0.0,0.0,0.0,0.0,0.0,62.5,13629.0,7437.75,0.0,0.0,0
Pep-000622,IEEQAKTFLDKFNHE,-1.0,0.0,0.0,0.0,0.0,0.0,0.0,6.667,11538.0,8023.636363636364,0.0,0.067033,0
Pep-000623,IEEQKTFLDKNHE,-1.0,0.0,0.0,0.0,0.0,0.0,0.0,61.538,8060.0,11119.222222222223,0.0,0.023175,0
Pep-000625,TFDKFNHEEDL,-2.0,0.0,0.0,0.0,0.0,0.0,0.0,100.0,10247.444444444445,10742.857142857143,0.0,0.013463,0
Pep-000626,TLDKNHEAEDL,-2.0,0.0,0.0,0.0,0.0,10.0,0.0,100.0,7145.222222222223,7808.0,0.0,0.014063,0
Pep-000628,IEEQAKFLDKFNEAEDLFYQS,-4.0,0.0,0.0,0.0,0.0,5.0,0.0,23.81,14414.421052631578,11085.823529411764,0.0,0.054261,0
Pep-000629,EIWIAQELRIGDFNAYYA,-2.0,0.0,0.0,0.0,0.0,0.0,0.0,16.667,13133.8125,13120.5,0.0,0.070204,0
Pep-000630,IWIAQELRIGDFNAYYARR,1.0,0.0,0.0,0.0,0.0,0.0,0.0,10.526,12088.823529411764,12714.066666666668,0.0,0.070528,0
Pep-000631,IEQAKTFDKFNHEAEDLFYQSSGLGKGDFR,-1.0,0.0,0.0,0.0,0.0,3.45,0.0,23.333,10773.5,11985.26923076923,0.0,0.051614,0
Pep-000642,ITFDLLYYGP,-1.0,0.0,0.0,0.0,0.0,0.0,0.0,10.0,9254.375,10536.833333333334,0.0,0.01984,0
Pep-000644,ACISGNASVVNIQKEIDRLNEVAKNLNESLIDLQEL,-3.0,0.0,0.0,0.0,0.0,0.0,0.0,13.889,10720.29411764706,9845.53125,0.010162,0.040943,0
Pep-000645,ACDSGIASVVNIQKEIDRLNEVAKNLNESLIDLQEL,-4.0,0.0,0.0,0.0,0.0,0.0,0.0,16.667,11712.85294117647,10160.375,0.010899,0.046699,0
Pep-000646,ACDIGINSVVNIQKEIDRLNEVAKNLNESLIDLQEL,-4.0,0.0,0.0,0.0,0.0,0.0,0.0,13.889,12386.058823529413,9925.875,0.011805,0.049103,0
Pep-000647,ACDISINAVVNIQKEIDRLNEVAKNLNESLIDLQEL,-4.0,0.0,0.0,0.0,0.0,0.0,0.0,16.667,11459.5,9520.875,0.011443,0.050939,0
Pep-000648,ACDISGNASVNIQKEIDRLNEVAKNLNESLIDLQEL,-4.0,0.0,0.0,0.0,0.0,0.0,0.0,16.667,10925.470588235294,8806.78125,0.014201,0.050348,0
Pep-000649,ACDISGIASVNIQKEIDRLNEVAKNLNESLIDLQEL,-4.0,0.0,0.0,0.0,0.0,0.0,0.0,16.667,11987.117647058823,10366.03125,0.014006,0.046531,0
Pep-000650,ACDISGINSVVIQKEIDRLNEVAKNLNESLIDLQEL,-4.0,0.0,0.0,0.0,0.0,0.0,0.0,16.667,13068.088235294117,10936.25,0.014019,0.049375,0
Pep-000651,ACDISGINAVVNQKEIDRLNEVAKNLNESLIDLQEL,-4.0,0.0,0.0,0.0,0.0,0.0,0.0,16.667,12852.558823529413,11356.8125,0.014197,0.043802,0
Pep-000652,ACDISGINASVNIKEIDRLNEVAKNLNESLIDLQEL,-4.0,0.0,0.0,0.0,0.0,0.0,0.0,16.667,12193.558823529413,12030.09375,0.013762,0.043214,0
Pep-000653,ACDISGINASVNIQEIDRLNEVAKNLNESLIDLQEL,-5.0,0.0,0.0,0.0,0.0,0.0,0.0,16.667,12039.35294117647,11753.71875,0.013978,0.042071,0
Pep-000654,ACDISGINASVVIQKIDRLNEVAKNLNESLIDLQEL,-3.0,0.0,0.0,0.0,0.0,0.0,0.0,16.667,12656.529411764706,11238.15625,0.013973,0.047513,0
Pep-000655,ACDISGINASVVNQKEDRLNEVAKNLNESLIDLQEL,-4.0,0.0,0.0,0.0,0.0,0.0,0.0,16.667,12590.264705882353,10274.1875,0.014386,0.054205,0
Pep-000656,ACDISGINASVVNIKEIRLNEVAKNLNESLIDLQEL,-3.0,0.0,0.0,0.0,0.0,0.0,0.0,16.667,11983.911764705883,12171.15625,0.014004,0.053923,0
Pep-000657,ACDISGINASVVNIQEIDLNEVAKNLNESLIDLQEL,-6.0,0.0,0.0,0.0,0.0,0.0,0.0,16.667,11601.529411764706,13228.34375,0.013899,0.05222,0
Pep-000658,ACDISGINASVVNIQKIDRNEVAKNLNESLIDLQEL,-3.0,0.0,0.0,0.0,0.0,0.0,0.0,16.667,11421.529411764706,13048.59375,0.014148,0.049522,0
Pep-000659,ACDISGINASVVNIQKEDRLEVAKNLNESLIDLQEL,-4.0,0.0,0.0,0.0,0.0,0.0,0.0,16.667,11270.264705882353,12012.125,0.014175,0.049737,0
Pep-000660,ACDISGINASVVNIQKEIRLNVAKNLNESLIDLQEL,-2.0,0.0,0.0,0.0,0.0,0.0,0.0,16.667,10564.264705882353,10434.40625,0.014194,0.052949,0
Pep-000661,ACDISGINASVVNIQKEIDLNEAKNLNESLIDLQEL,-5.0,0.0,0.0,0.0,0.0,0.0,0.0,16.667,10681.588235294117,11695.0,0.013909,0.050825,0
Pep-000662,ACDISGINASVVNIQKEIDRNEVKNLNESLIDLQEL,-4.0,0.0,0.0,0.0,0.0,0.0,0.0,16.667,10799.0,11415.3125,0.014235,0.051803,0
Pep-000663,ACDISGINASVVNIQKEIDRLEVANLNESLIDLQEL,-5.0,0.0,0.0,0.0,0.0,0.0,0.0,16.667,11342.235294117647,13317.5,0.013997,0.045751,0
Pep-000664,ACDISGINASVVNIQKEIDRLNVAKLNESLIDLQEL,-3.0,0.0,0.0,0.0,0.0,0.0,0.0,16.667,11516.0,13604.21875,0.013973,0.04488,0
Pep-000665,ACDISGINASVVNIQKEIDRLNEAKNNESLIDLQEL,-4.0,0.0,0.0,0.0,0.0,0.0,0.0,16.667,11444.588235294117,12447.84375,0.01425,0.040249,0
Pep-000666,ACDISGINASVVNIQKEIDRLNEVKNLESLIDLQEL,-4.0,0.0,0.0,0.0,0.0,0.0,0.0,16.667,12393.35294117647,12290.59375,0.014019,0.032147,0
Pep-000667,ACDISGINASVVNIQKEIDRLNEVANLNSLIDLQEL,-4.0,0.0,0.0,0.0,0.0,0.0,0.0,16.667,12648.676470588236,12118.0625,0.013927,0.034067,0
Pep-000668,ACDISGINASVVNIQKEIDRLNEVAKLNELIDLQEL,-4.0,0.0,0.0,0.0,0.0,0.0,0.0,16.667,12541.823529411764,12010.03125,0.014071,0.033509,0
Pep-000669,ACDISGINASVVNIQKEIDRLNEVAKNNESIDLQEL,-4.0,0.0,0.0,0.0,0.0,0.0,0.0,16.667,10752.79411764706,12008.25,0.014488,0.044205,0
Pep-000670,ACDISGINASVVNIQKEIDRLNEVAKNLESLDLQEL,-4.0,0.0,0.0,0.0,0.0,0.0,0.0,16.667,11417.058823529413,12467.1875,0.01423,0.047563,0
Pep-000671,ACDISGINASVVNIQKEIDRLNEVAKNLNSLILQEL,-2.0,0.0,0.0,0.0,0.0,0.0,0.0,16.667,12202.35294117647,10783.40625,0.016442,0.050488,0
Pep-000672,ACDISGINASVVNIQKEIDRLNEVAKNLNELIDQEL,-4.0,0.0,0.0,0.0,0.0,0.0,0.0,16.667,12448.70588235294,9590.65625,0.012252,0.053476,0
Pep-000673,ACDISGINASVVNIQKEIDRLNEVAKNLNESIDLEL,-4.0,0.0,0.0,0.0,0.0,0.0,0.0,16.667,10352.323529411764,9098.96875,0.010503,0.049907,0
Pep-000674,ACDISGINASVVNIQKEIDRLNEVAKNLNESLDLQL,-3.0,0.0,0.0,0.0,0.0,0.0,0.0,16.667,10433.470588235294,9041.90625,0.010327,0.050378,0
Pep-000675,ACDISGINASVVNIQKEIDRLNEVAKNLNESLILQE,-3.0,0.0,0.0,0.0,0.0,0.0,0.0,16.667,11702.382352941177,10314.28125,0.013262,0.045045,0
Pep-000676,ACISFEWLQYYR,0.0,0.0,0.0,0.0,0.0,0.0,0.0,8.333,8279.1,13316.0,0.0,0.064912,0
Pep-000677,ACISFELLDYYESGS,-3.0,0.0,0.0,0.0,0.0,0.0,0.0,6.667,11496.384615384615,15985.636363636364,0.0,0.063458,0
Pep-000678,ACISFELEDYYESGS,-4.0,0.0,0.0,0.0,0.0,0.0,0.0,6.667,11076.692307692309,12924.818181818182,0.0,0.06531,0
Pep-000679,ACISFELLDYYESGSKKK,0.0,0.0,0.0,0.0,0.0,0.0,0.0,5.556,11263.9375,14982.0,0.0,0.062294,0
Pep-000680,ACISFQLLDYYQSGSK,0.0,0.0,0.0,0.0,0.0,0.0,0.0,6.25,10743.785714285714,13509.083333333334,0.0,0.062234,0
Pep-000681,ACISFELLDYYEKSGSKD,-2.0,0.0,0.0,0.0,0.0,0.0,0.0,5.556,10576.3125,13745.92857142857,0.0,0.068533,0
Pep-000682,ACISFELLRYYR,1.0,0.0,0.0,0.0,0.0,0.0,0.0,8.333,7130.7,12339.0,0.0,0.06826,0
Pep-000683,ISFELLNYYESGS,-2.0,0.0,0.0,0.0,0.0,0.0,0.0,7.692,10613.363636363636,13966.555555555555,0.0,0.050551,0
Pep-000684,IRFQLLNYYESGS,0.0,0.0,0.0,0.0,0.0,0.0,0.0,7.692,9629.181818181818,12221.666666666666,0.0,0.067291,0
Pep-000685,ACRSFRLLDYYESGS,0.0,0.0,0.0,0.0,0.0,0.0,0.0,6.667,12245.307692307691,16433.272727272728,0.0,0.05933,0
Pep-000686,ACRRFELLDYYESGS,-1.0,0.0,0.0,0.0,0.0,0.0,0.0,6.667,13730.846153846154,15963.636363636364,0.0,0.064035,0
Pep-000687,ACRFAELLDYGESGS,-2.0,0.0,0.0,0.0,0.0,7.14,0.0,13.333,14024.076923076924,12509.636363636364,0.0,0.050316,0
Pep-000688,ACSKELLDYYESGS,-2.0,0.0,0.0,0.0,0.0,0.0,0.0,7.143,15766.833333333334,16367.3,0.0,0.049473,0
Pep-000689,ACRSFELLDYYGSGS,-1.0,0.0,0.0,0.0,0.0,0.0,0.0,6.667,12250.0,16929.18181818182,0.0,0.062928,0
Pep-000690,ACISFELLDYYED,-4.0,0.0,0.0,0.0,0.0,0.0,0.0,7.692,13155.727272727272,14363.555555555555,0.0,0.058458,0
Pep-000691,ACISFEWLQAYEDE,-4.0,0.0,0.0,0.0,0.0,0.0,0.0,7.143,10152.583333333334,12690.3,0.0,0.058303,0
Pep-000704,AELAVLELA,-2.0,0.0,0.0,0.0,0.0,12.5,0.0,11.111,8142.142857142857,11099.2,0.0,0.0,0
Pep-000707,RLIQLEDVEKRKV,1.0,0.0,0.0,0.0,0.0,0.0,0.0,15.385,8257.727272727272,13592.666666666666,0.0,0.047086,0
Pep-000708,LIQELEVEKNRKV,0.0,0.0,0.0,0.0,0.0,0.0,0.0,7.692,6765.363636363636,6905.111111111111,0.0,0.077773,0
Pep-000709,RLIQELEVEKNRK,1.0,0.0,0.0,0.0,0.0,0.0,0.0,15.385,6782.909090909091,6183.666666666667,0.0,0.060167,0
Pep-000710,RLIELEDVENRKV,-1.0,0.0,0.0,0.0,0.0,0.0,0.0,15.385,10307.727272727272,14043.0,0.0,0.05777,0
Pep-000711,RLIQELDVEKNRV,0.0,0.0,0.0,0.0,0.0,0.0,0.0,15.385,7955.909090909091,8465.666666666666,0.0,0.059864,0
Pep-000712,RLQELEDVKNRKV,1.0,0.0,0.0,0.0,0.0,0.0,0.0,15.385,11318.636363636364,9895.222222222223,0.0,0.053779,0
Pep-000736,ILGKLLSTAGLLNL,1.0,0.0,0.0,0.0,0.0,0.0,0.0,14.286,12883.916666666666,9835.9,0.0,0.050249,0
Pep-000777,AITFDLLYYGP,-1.0,0.0,0.0,0.0,0.0,0.0,0.0,9.091,8599.888888888889,11299.57142857143,0.0,0.023225,0
Pep-000803,ACAIIILQQLLFIHFRIG,2.0,0.0,0.0,0.0,0.0,0.0,0.0,16.667,7881.875,9691.285714285714,0.0,0.063784,0
Pep-000804,ACEIIRLQQLLFIHFRIG,2.0,0.0,0.0,0.0,0.0,0.0,0.0,22.222,9128.5,10648.642857142857,0.0,0.069612,0
Pep-000805,ACEAIRIQQLLFIHFRIG,2.0,0.0,0.0,0.0,0.0,0.0,0.0,22.222,9193.6875,10315.57142857143,0.0,0.07267,0
Pep-000806,ACEAIRILQLLFIHFRIG,2.0,0.0,0.0,0.0,0.0,0.0,0.0,22.222,8930.3125,9455.785714285714,0.0,0.066215,0
Pep-000807,ACEAIIILQLLFIHFRIG,1.0,0.0,0.0,0.0,0.0,0.0,0.0,22.222,8049.875,9200.42857142857,0.0,0.062477,0
Pep-000808,ACEAIIRLQQLFIHFRIG,2.0,0.0,0.0,0.0,0.0,0.0,0.0,22.222,9619.75,9055.42857142857,0.0,0.054398,0
Pep-000809,ACEAIIRIQQLFIHFRIG,2.0,0.0,0.0,0.0,0.0,0.0,0.0,22.222,9562.6875,9025.214285714286,0.0,0.054626,0
Pep-000817,ACEAIRILQLLFIHFRIGRRRRRRRR,10.0,0.0,0.0,0.0,0.0,0.0,0.0,15.385,6996.625,7582.909090909091,0.0,0.056674,0
Pep-000818,ACEAIRILQLLFIHFRIGRERERERE,2.0,0.0,0.0,0.0,0.0,0.0,0.0,15.385,6745.75,7441.772727272727,0.0,0.061764,0
Pep-000823,ACPQILDQHVRVMK,2.0,0.0,0.0,0.0,0.0,0.0,0.5,7.143,10128.333333333334,10497.4,0.0,0.059388,0
Pep-000824,ACPQSIDQHVQRMK,2.0,0.0,0.0,0.0,0.0,0.0,0.5,7.143,7862.833333333333,9197.9,0.0,0.063867,0
Pep-000867,AQEVKAATTLLVA,0.0,0.0,0.0,0.0,0.0,0.0,0.0,30.769,6639.0,7596.444444444444,0.0,0.081726,0
Pep-000871,KIRRKLSLSKAEKIFGELFK,5.0,0.0,0.0,0.0,0.0,5.26,0.0,30.0,10428.111111111111,9010.75,0.0,0.04802,0
Pep-000875,LEKTNSLAKIIQRL,2.0,0.0,0.0,0.0,0.0,0.0,0.0,7.143,10486.0,8262.9,0.0,0.059073,0
Pep-000895,IWIAQELRIGDFNAYYARR,1.0,0.0,0.0,0.0,0.0,0.0,0.0,10.526,12088.823529411764,12714.066666666668,0.0,0.070528,0
Pep-000897,EIWIAQELRIGDFNAYYA,-2.0,0.0,0.0,0.0,0.0,0.0,0.0,16.667,13133.8125,13120.5,0.0,0.070204,0
Pep-000925,ACEIWIAQELRIGDFNAYYA,-2.0,0.0,0.0,0.0,0.0,0.0,0.0,20.0,14488.555555555555,15299.6875,0.0,0.063707,0
Pep-000945,RRRRRRRRRR,10.0,0.0,0.0,0.0,0.0,0.0,0.0,0.0,0.0,0.0,0.0,0.0,0
Pep-000950,LEYANLADQIIKEATE,-3.0,0.0,0.0,0.0,0.0,0.0,0.0,6.25,13426.5,9398.75,0.0,0.059316,0
Pep-000951,LEQYANLADIIKEATE,-3.0,0.0,0.0,0.0,0.0,0.0,0.0,6.25,14273.857142857143,8962.416666666666,0.0,0.050752,0
Pep-000952,LEQYANQLADIIKATE,-2.0,0.0,0.0,0.0,0.0,0.0,0.0,6.25,14269.357142857143,6475.0,0.0,0.063903,0
Pep-000953,LEQYANQLADQIIKATE,-2.0,0.0,0.0,0.0,0.0,0.0,0.0,5.882,14073.133333333333,5078.846153846154,0.0,0.072038,0
Pep-000954,LQYAQLADQIIKEATEK,-1.0,0.0,0.0,0.0,0.0,0.0,0.0,5.882,11746.6,7453.076923076923,0.0,0.059371,0
Pep-000955,LEYANLADQIIKEATEK,-2.0,0.0,0.0,0.0,0.0,0.0,0.0,5.882,12937.0,8917.0,0.0,0.061627,0
Pep-000956,LEQANQADQIIKEATEK,-2.0,0.0,0.0,0.0,0.0,0.0,0.0,5.882,10693.133333333333,8100.846153846154,0.0,0.062371,0
Pep-001005,PEILDHVQRVM,0.0,0.0,0.0,0.0,0.0,0.0,1.0,27.273,12943.0,6226.714285714285,0.0,0.044076,0
Pep-001006,PQILDHVRRVMR,3.0,0.0,0.0,0.0,0.0,0.0,1.0,25.0,11969.3,5024.75,0.0,0.047989,0
Pep-001007,PQILDHVRRVWR,3.0,0.0,0.0,0.0,0.0,0.0,0.0,25.0,12161.3,5937.625,0.0,0.054649,0
Pep-001008,RWPQILDHVRRVWR,4.0,0.0,0.0,0.0,0.0,0.0,0.0,14.286,12426.833333333334,6063.1,0.0,0.052385,0
Pep-001009,RRWPQILDHVRRVWR,5.0,0.0,0.0,0.0,0.0,0.0,0.0,20.0,12255.615384615385,5680.0,0.0,0.058115,0
Pep-001010,RRWPRILDHVRRVWR,6.0,0.0,0.0,0.0,0.0,0.0,0.0,20.0,11558.384615384615,5536.0,0.0,0.051384,0
Pep-001011,RRWPQILHDVRRVWR,5.0,0.0,0.0,0.0,0.0,0.0,0.0,20.0,11695.76923076923,6142.090909090909,0.0,0.058115,0
Pep-001012,RRWPQILHDVRRVAR,5.0,0.0,0.0,0.0,0.0,0.0,0.0,20.0,11876.0,5810.454545454545,0.0,0.049031,0
Pep-001013,RRWPRILHDVRRVAR,6.0,0.0,0.0,0.0,0.0,0.0,0.0,20.0,11178.76923076923,6141.909090909091,0.0,0.054419,0
Pep-001042,EWATAAKFLAAHA,1.0,0.0,0.0,0.0,0.0,0.0,0.0,23.077,8730.181818181818,10540.666666666666,0.0,0.067628,0
Pep-001049,EWATAAKFLAAHA,1.0,0.0,0.0,0.0,0.0,0.0,0.0,23.077,8730.181818181818,10540.666666666666,0.0,0.067628,0
Pep-001083,NQLRSFFALDQI,0.0,0.0,0.0,0.0,0.0,0.0,0.0,25.0,14983.9,12905.75,0.0,0.000749,0
Pep-001094,TRQARRNRRRRR,8.0,0.0,0.0,0.0,0.0,0.0,0.0,33.333,4349.3,3387.125,0.0,0.027925,0
Pep-001095,RRGSRPSGARRRR,7.0,0.0,0.0,0.0,0.0,0.0,0.0,69.231,9150.90909090909,8922.555555555555,0.0,0.045842,0
Pep-001096,RRGSRPSGARRRRAAAA,7.0,0.0,0.0,0.0,0.0,0.0,0.0,17.647,8383.2,10036.846153846154,0.0,0.051024,0
Pep-001097,DRRQRRRRQRRRR,9.0,0.0,0.0,0.0,0.0,0.0,0.0,0.0,1510.1818181818182,1640.3333333333333,0.0,0.081002,0
Pep-001098,RRQRRDRQRRRRR,9.0,0.0,0.0,0.0,0.0,0.0,0.0,0.0,1680.3636363636363,2664.3333333333335,0.0,0.013536,0
Pep-001099,RRQRRRRQRRRRR,11.0,0.0,0.0,0.0,0.0,0.0,0.0,0.0,672.3636363636364,616.3333333333334,0.0,0.045432,0
Pep-001100,TRQRRQRRRWRERQR,8.0,0.0,0.0,0.0,0.0,0.0,0.0,66.667,3189.0,4132.272727272727,0.0,0.066297,0
Pep-001101,SELVEAHNLCTLLENAIQDTVREQ,-3.0,0.0,0.0,0.0,0.0,0.0,0.0,16.667,14408.545454545454,9080.25,0.0,0.038179,0
Pep-001102,SEELVEAHLCTLLENAIQDTVREQ,-4.0,0.0,0.0,0.0,0.0,0.0,0.0,20.833,14520.727272727272,6664.7,0.0,0.039047,0
Pep-001103,SEELVAEANLCLLENAIQDTVREQ,-5.0,0.0,0.0,0.0,0.0,4.35,0.0,20.833,13293.363636363636,9164.5,0.0,0.060538,0
Pep-001104,SEELVAEAHLCTLENAIQDTVREQ,-4.0,0.0,0.0,0.0,0.0,4.35,0.0,20.833,13495.0,7367.25,0.0,0.061649,0
Pep-001105,SEELVAEAHNLCLLEAIQDTVREQ,-4.0,0.0,0.0,0.0,0.0,4.35,0.0,20.833,12514.045454545454,11371.4,0.0,0.054175,0
Pep-001106,SEELVAEAHNLCTLLEAIQTVREQ,-3.0,0.0,0.0,0.0,0.0,4.35,0.0,20.833,11649.181818181818,10174.9,0.0,0.058689,0
Pep-001107,SEELVAEAHNLCTLLENAIDTVEQ,-5.0,0.0,0.0,0.0,0.0,4.35,0.0,20.833,13616.454545454546,10624.7,0.0,0.06717,0
Pep-001108,FSLWKL,1.0,0.0,20.0,0.0,0.0,0.0,0.0,16.667,11745.75,15714.5,0.0,0.0,0
Pep-001112,FMYWKL,1.0,0.0,0.0,0.0,0.0,0.0,0.5,100.0,3979.75,5314.5,0.0,0.0,0
Pep-001111,AMYWKL,1.0,0.0,0.0,0.0,0.0,0.0,0.5,100.0,6994.75,5730.5,0.0,0.0,0
Pep-001110,QTFSLWKL,1.0,0.0,14.29,0.0,0.0,0.0,0.0,37.5,10633.833333333334,15145.5,0.0,0.0,0
Pep-001109,QTFSDWKL,0.0,0.0,0.0,0.0,0.0,0.0,0.0,100.0,15566.666666666666,12883.5,0.0,0.0,0
Pep-001113,PPKKFRLFFS,3.0,0.0,0.0,0.0,0.0,0.0,0.0,50.0,8337.5,9593.0,0.0,0.012645,0
Pep-001114,KKFRLFFS,3.0,0.0,0.0,0.0,0.0,0.0,0.0,37.5,7580.333333333333,8488.25,0.0,0.0,0
Pep-001118,RRLFRNLFLT,3.0,0.0,0.0,0.0,0.0,0.0,0.0,30.0,12644.75,3670.8333333333335,0.0,0.013952,0
Pep-001121,RKFRLFSY,3.0,0.0,0.0,0.0,0.0,0.0,0.0,75.0,6914.5,12690.5,0.0,0.0,0
Pep-001122,RKARLFSY,3.0,0.0,0.0,0.0,0.0,0.0,0.0,75.0,8892.333333333334,9134.5,0.0,0.0,0
Pep-001131,RKFRLF,3.0,0.0,0.0,0.0,0.0,0.0,0.0,100.0,4994.5,10404.0,0.0,0.0,0
Pep-001133,KQKRKFSFFKL,5.0,0.0,0.0,0.0,0.0,0.0,0.0,54.545,6756.888888888889,11334.142857142857,0.0,0.028498,0
Pep-001134,KQKRKFSFFKLV,5.0,0.0,0.0,0.0,0.0,0.0,0.0,50.0,7022.1,10229.875,0.0,0.042001,0
Pep-001127,KFRLF,2.0,0.0,0.0,0.0,0.0,0.0,0.0,100.0,3523.0,10404.0,0.0,0.0,0
Pep-001123,RKARLF,3.0,0.0,0.0,0.0,0.0,0.0,0.0,100.0,7961.25,10404.0,0.0,0.0,0
Pep-001117,KTYRGAFQLFQVRE,2.0,0.0,0.0,0.0,0.0,0.0,0.0,35.714,10317.333333333334,10631.5,0.0,0.033303,0
Pep-001116,STALRLIELVNITQNQKAPL,1.0,0.0,0.0,0.0,0.0,0.0,0.0,20.0,8636.166666666666,10312.8125,0.0,0.071118,0
Pep-001135,STALRELIELVITQNQKAPL,0.0,0.0,0.0,0.0,0.0,0.0,0.0,20.0,9430.944444444445,8158.0625,0.0,0.058562,0
Pep-001136,STALRELIEELNITNQKAPL,-1.0,0.0,0.0,0.0,0.0,0.0,0.0,20.0,11176.555555555555,8325.4375,0.0,0.045432,0
Pep-001137,NELKSFFLRDQIPELENNEKAP,-2.0,0.0,0.0,0.0,0.0,0.0,0.0,13.636,12135.8,10374.722222222223,0.0,0.035841,0
Pep-001139,NELKSFFLRDQI,0.0,0.0,0.0,0.0,0.0,0.0,0.0,25.0,15154.9,11319.875,0.0,0.001867,0
Pep-001140,LENRQKLEANRHLL,2.0,0.0,0.0,0.0,0.0,0.0,0.0,7.143,7781.25,10397.6,0.0,0.067898,0
Pep-001143,LENRQKKLEANRLL,2.0,0.0,0.0,0.0,0.0,0.0,0.0,7.143,8654.0,9472.2,0.0,0.050675,0
Pep-001144,ILASVYIRKLQREQ,2.0,0.0,0.0,0.0,0.0,0.0,0.0,7.143,8181.166666666667,6156.4,0.0,0.054857,0
Pep-001145,ILKASDYIKLQREQ,1.0,0.0,0.0,0.0,0.0,0.0,0.0,7.143,10187.5,14514.9,0.0,0.034013,0
Pep-001146,FNIDRIELGTLI,-1.0,0.0,0.0,0.0,0.0,0.0,0.0,8.333,8657.7,15220.625,0.0,0.045847,0
Pep-001147,DHIKSFHLRDSV,2.0,0.0,0.0,0.0,0.0,0.0,0.0,25.0,13385.0,10860.5,0.0,0.012271,0
Pep-001148,KNTHQDI,1.0,0.0,0.0,0.0,0.0,0.0,0.0,100.0,6182.8,3753.0,0.0,0.0,0
Pep-001149,DHIKDSFSLRSV,1.0,0.0,0.0,0.0,0.0,0.0,0.0,25.0,14626.7,13011.0,0.0,0.023311,0
Pep-001150,YIQNLRRKNHTHQQDIDDLLKRQNALLEQQVRALGG,4.0,0.0,0.0,0.0,0.0,0.0,0.0,44.444,9854.5,8525.71875,0.014835,0.047938,0
Pep-001151,TYRGAAQAAQVREV,1.0,0.0,0.0,0.0,0.0,0.0,0.0,28.571,8119.916666666667,7206.3,0.0,0.029153,0
Pep-001152,SYRGAFQLFQVREV,1.0,0.0,0.0,0.0,0.0,0.0,0.0,28.571,11071.5,10583.9,0.0,0.025585,0
Pep-001153,TYGAFNLFQSVREV,0.0,0.0,0.0,0.0,0.0,0.0,0.0,21.429,13264.166666666666,10509.3,0.0,0.040993,0
Pep-001154,SSVFYYFHVPYFEL,0.0,0.0,0.0,0.0,0.0,0.0,0.0,21.429,7508.416666666667,10382.6,0.0,0.062533,0
Pep-001155,ASVFNYFHSVPYFEL,0.0,0.0,0.0,0.0,0.0,0.0,0.0,6.667,11237.923076923076,10804.818181818182,0.0,0.015128,0
Pep-001156,ATLFTFYLGGLLG,0.0,0.0,0.0,0.0,0.0,0.0,0.0,23.077,12274.727272727272,4882.111111111111,0.0,0.051839,0
Pep-001157,ASSFDFFHTVPYNLL,0.0,0.0,0.0,0.0,0.0,0.0,0.0,6.667,10346.153846153846,10762.636363636364,0.0,0.076625,0
Pep-001161,ERLRRRILCRHHST,6.0,0.0,0.0,0.0,0.0,0.0,0.0,21.429,11676.333333333334,8196.7,0.0,0.034069,0
Pep-001142,ERLRRRINLCRHHST,6.0,0.0,0.0,0.0,0.0,0.0,0.0,20.0,9019.23076923077,8596.363636363636,0.0,0.054306,0
Pep-001141,ERLRRRIFCRHHST,6.0,7.69,0.0,0.0,0.0,0.0,0.0,21.429,11510.5,8117.1,0.0,0.033886,0
Pep-001162,ERLRRRLLCRHHST,6.0,0.0,0.0,0.0,0.0,0.0,0.0,21.429,11759.25,8290.7,0.0,0.033719,0
Pep-001163,ERLRRRNLLCRHHST,6.0,0.0,0.0,0.0,0.0,0.0,0.0,20.0,12424.0,11283.272727272728,0.0,0.053763,0
Pep-001164,ERLRRRFLCRHHST,6.0,0.0,0.0,0.0,0.0,0.0,0.0,21.429,11911.416666666666,8359.0,0.0,0.033538,0
Pep-001165,ERNLRRRILCRHHST,6.0,0.0,0.0,0.0,0.0,0.0,0.0,26.667,10818.153846153846,8123.909090909091,0.0,0.057931,0
Pep-001166,ERFRRRILCRHHST,6.0,0.0,0.0,0.0,0.0,0.0,0.0,21.429,11639.75,8238.3,0.0,0.034106,0
Pep-001167,ERWRRRILCRHHST,6.0,0.0,0.0,0.0,0.0,0.0,0.0,21.429,11997.75,8566.3,0.0,0.036161,0
Pep-001168,ERLARRILCRHHST,5.0,0.0,0.0,0.0,0.0,0.0,0.0,21.429,13767.0,8077.9,0.0,0.02923,0
Pep-001169,RELRREILCRHHST,4.0,0.0,0.0,0.0,0.0,0.0,0.0,21.429,12162.333333333334,8196.7,0.0,0.030784,0
Pep-001170,ENPESILDHVQVM,-2.0,0.0,0.0,0.0,0.0,0.0,1.0,46.154,11525.09090909091,10270.444444444445,0.0,0.050623,0
Pep-001171,ENPEILDHVQRVM,-1.0,0.0,0.0,0.0,0.0,0.0,1.0,38.462,11536.363636363636,9439.111111111111,0.0,0.041593,0
Pep-001172,PEILDHVQRVM,0.0,0.0,0.0,0.0,0.0,0.0,1.0,27.273,12943.0,6226.714285714285,0.0,0.044076,0
Pep-001173,NPEILDHVQRVM,0.0,0.0,0.0,0.0,0.0,0.0,1.0,33.333,11825.1,8374.5,0.0,0.047204,0
Pep-001174,WPEILDHVQRVM,0.0,0.0,0.0,0.0,0.0,0.0,1.0,8.333,13959.1,5913.5,0.0,0.050303,0
Pep-001175,KPEILDHVQRVM,1.0,0.0,0.0,0.0,0.0,0.0,0.5,33.333,11962.3,6879.5,0.0,0.03898,0
Pep-001176,TRQARNRRRRRR,8.0,0.0,0.0,0.0,0.0,0.0,0.0,33.333,3587.4,4278.25,0.0,0.027925,0
Pep-001181,RRRRRQRRRRRR,11.0,0.0,0.0,0.0,0.0,0.0,0.0,0.0,369.8,462.25,0.0,0.0,0
Pep-001182,RRGSRPSGARRRRRA,8.0,0.0,0.0,0.0,0.0,0.0,0.0,20.0,8708.0,8440.636363636364,0.0,0.035073,0
Pep-001183,RRGSRPSGARRRRRR,9.0,0.0,0.0,0.0,0.0,0.0,0.0,60.0,7743.076923076923,7300.272727272727,0.0,0.050307,0
Pep-001184,RRGSRPSGARRRRRAAA,8.0,0.0,0.0,0.0,0.0,0.0,0.0,17.647,8383.2,9071.923076923076,0.0,0.039225,0
Pep-001185,RRQRRRRQRRRRR,11.0,0.0,0.0,0.0,0.0,0.0,0.0,0.0,672.3636363636364,616.3333333333334,0.0,0.045432,0
Pep-001186,TRQARRNRRRWREQR,7.0,0.0,0.0,0.0,0.0,0.0,0.0,73.333,6274.076923076923,5903.909090909091,0.0,0.058082,0
Pep-001187,TRQARRNRRRWREQR,7.0,0.0,0.0,0.0,0.0,0.0,0.0,73.333,6274.076923076923,5903.909090909091,0.0,0.058082,0
Pep-001188,RRRRRRRWRR,9.0,0.0,0.0,0.0,0.0,0.0,0.0,80.0,2550.25,1700.1666666666667,0.0,0.0,0
Pep-001189,RQIKIWQNRRMKKK,7.0,0.0,0.0,0.0,0.0,0.0,0.2,42.857,7808.5,8702.5,0.0,0.052398,0
Pep-001190,RRRRRRRRRR,10.0,0.0,0.0,0.0,0.0,0.0,0.0,0.0,0.0,0.0,0.0,0.0,0
Pep-001191,YGRKRRQRRR,7.0,0.0,0.0,0.0,0.0,0.0,0.0,20.0,3304.0,4013.1666666666665,0.0,0.028282,0
Pep-001193,SELVAEAHLCTLLENAIQDTVREQ,-3.0,0.0,0.0,0.0,0.0,4.35,0.0,16.667,14352.454545454546,6546.65,0.0,0.031383,0
Pep-001196,SEELVAEAHLCTLLEAIQDTVREQ,-4.0,0.0,0.0,0.0,0.0,4.35,0.0,20.833,13194.818181818182,7565.2,0.0,0.061563,0
Pep-001197,SEELVAEAHNLCLLENAIDTVREQ,-4.0,0.0,0.0,0.0,0.0,4.35,0.0,20.833,13214.727272727272,10842.35,0.0,0.049211,0
Pep-001198,SEELVAEAHNLCTLENAIQTVREQ,-3.0,0.0,0.0,0.0,0.0,4.35,0.0,20.833,11949.363636363636,10051.75,0.0,0.056876,0
Pep-001199,SEELVAEAHNLCTLLEAIQDTVEQ,-5.0,0.0,0.0,0.0,0.0,4.35,0.0,20.833,12915.772727272728,9697.75,0.0,0.058403,0
Pep-001200,LSQETFDLWKLLEN,-2.0,0.0,7.69,0.0,0.0,0.0,0.0,7.143,12506.25,14356.6,0.0,0.047077,0
Pep-001201,EEAILMAVSHMSLRGT,0.0,0.0,0.0,0.0,0.0,0.0,1.0,18.75,9127.92857142857,10678.833333333334,0.0,0.053477,0
Pep-001204,NELRSFRSLDSI,0.0,0.0,0.0,0.0,0.0,0.0,0.0,25.0,15676.2,16104.75,0.0,0.008893,0
Pep-001205,NELRSFRALDSI,0.0,0.0,0.0,0.0,0.0,0.0,0.0,25.0,15715.7,14744.25,0.0,0.008879,0
Pep-001206,NELRSFRALDQI,0.0,0.0,0.0,0.0,0.0,0.0,0.0,25.0,14890.1,13462.875,0.0,0.001926,0
Pep-001207,NELRSFFSLDQI,-1.0,0.0,0.0,0.0,0.0,0.0,0.0,25.0,15051.1,15034.25,0.0,0.001761,0
Pep-001208,NELRSFFALDSI,-1.0,0.0,0.0,0.0,0.0,0.0,0.0,25.0,15916.2,14994.875,0.0,0.00833,0
Pep-001209,WNELRSFRSLDQI,0.0,0.0,0.0,0.0,0.0,0.0,0.0,7.692,15600.90909090909,14309.777777777777,0.0,0.005512,0
Pep-001210,NELRSFFALDQI,-1.0,0.0,0.0,0.0,0.0,0.0,0.0,25.0,15090.6,13673.75,0.0,0.001798,0
Pep-001211,NQRLSFFALDQI,0.0,0.0,0.0,0.0,0.0,0.0,0.0,33.333,12689.6,13605.375,0.0,0.01343,0
Pep-001212,NKLRSFFALDQI,1.0,0.0,0.0,0.0,9.09,0.0,0.0,25.0,14866.6,12524.25,0.0,0.004439,0
Pep-001218,NKLRSFKALKQI,4.0,0.0,0.0,0.0,9.09,0.0,0.0,25.0,12778.7,9948.375,0.0,0.018492,0
Pep-001219,NELRSFFALDQI,-1.0,0.0,0.0,0.0,0.0,0.0,0.0,25.0,15090.6,13673.75,0.0,0.001798,0
Pep-001220,NELKSFFALRQI,1.0,0.0,0.0,0.0,0.0,0.0,0.0,25.0,12997.4,10770.25,0.0,0.012053,0
Pep-001221,NELKSFFALRQIPELENNEKAP,-1.0,0.0,0.0,0.0,0.0,0.0,0.0,27.273,11057.05,10124.111111111111,0.0,0.042547,0
Pep-001222,NQLRSFFALDQIPELENNEKAP,-2.0,0.0,0.0,0.0,0.0,0.0,0.0,27.273,12050.3,11023.722222222223,0.0,0.037759,0
Pep-001223,KVILKKATYILS,3.0,0.0,0.0,0.0,0.0,0.0,0.0,16.667,9252.6,7114.75,0.0,0.060486,0
Pep-001228,EENAKRRHNALERRR,4.0,0.0,0.0,0.0,0.0,0.0,0.0,73.333,7621.538461538462,7688.363636363636,0.0,0.069497,0
Pep-001229,EEAKRRAHAAERARR,4.0,0.0,0.0,0.0,0.0,7.14,0.0,20.0,7428.615384615385,5426.727272727273,0.0,0.054613,0
Pep-001230,NQLFSRFALDQI,0.0,0.0,0.0,0.0,0.0,0.0,0.0,25.0,16122.1,8718.875,0.0,0.000749,0
Pep-001231,IQDLAFFSRLQN,0.0,0.0,0.0,0.0,0.0,0.0,0.0,8.333,14983.9,12905.75,0.0,0.000749,0
Pep-001232,NQLLSFFARDQI,0.0,0.0,0.0,0.0,0.0,0.0,0.0,25.0,14983.9,11374.125,0.0,0.000749,0
Pep-001233,NQLRSFFALDQI,0.0,0.0,0.0,0.0,0.0,0.0,0.0,25.0,14983.9,12905.75,0.0,0.000749,0
Pep-001234,NQLFSRFALDQI,0.0,0.0,0.0,0.0,0.0,0.0,0.0,25.0,16122.1,8718.875,0.0,0.000749,0
Pep-001235,NQLRSFFALDQI,0.0,0.0,0.0,0.0,0.0,0.0,0.0,25.0,14983.9,12905.75,0.0,0.000749,0
Pep-001236,NQLRSFFALDQI,0.0,0.0,0.0,0.0,0.0,0.0,0.0,25.0,14983.9,12905.75,0.0,0.000749,0
Pep-001237,TILKASVDYIRKLREQQRAEL,2.0,0.0,0.0,0.0,0.0,5.0,0.0,14.286,8089.684210526316,8302.117647058823,0.0,0.056543,0
Pep-001238,RNIDRIKELTLI,1.0,0.0,0.0,0.0,0.0,0.0,0.0,25.0,8979.8,10295.0,0.0,0.044384,0
Pep-001239,FNIDRIKELTLI,0.0,0.0,0.0,0.0,0.0,0.0,0.0,8.333,8083.0,11471.125,0.0,0.050373,0
Pep-001240,FNINRIKELGLI,1.0,0.0,0.0,0.0,0.0,0.0,0.0,8.333,8996.1,12726.5,0.0,0.064417,0
Pep-001241,RNIDRIKELTRI,2.0,0.0,0.0,0.0,0.0,0.0,0.0,25.0,10020.2,8948.375,0.0,0.021007,0
Pep-001242,FNIDRIKELTRI,1.0,0.0,0.0,0.0,0.0,0.0,0.0,8.333,9123.4,10124.5,0.0,0.027885,0
Pep-001243,KATEYIQYNLRRKNTHQQDIDL,2.0,0.0,0.0,0.0,0.0,0.0,0.0,9.091,5640.1,7586.888888888889,0.0,0.070616,0
Pep-001244,NQLRSFRALDQI,1.0,0.0,0.0,0.0,0.0,0.0,0.0,25.0,14783.4,12694.875,0.0,0.000799,0
Pep-001245,NELRSFFALDQIDQIPAAKRVKLD,0.0,0.0,0.0,0.0,0.0,0.0,0.0,25.0,11598.318181818182,12238.4,0.0,0.035376,0
Pep-001246,NELRSFFALDQIDQIPKKKRKV,3.0,0.0,0.0,0.0,0.0,0.0,0.0,27.273,11570.65,11501.833333333334,0.0,0.043739,0
Pep-001247,EYIQNLRRKNHHQQDIDDLKRQNALLEQQVRALGG,3.0,0.0,0.0,0.0,0.0,0.0,0.0,45.714,9739.030303030304,8453.612903225807,0.005886,0.047796,0
Pep-001248,ENPEILDEHVRVM,-2.0,0.0,0.0,0.0,0.0,0.0,1.0,38.462,10552.181818181818,10479.444444444445,0.0,0.058995,0
Pep-001249,NVKRRHNVLERRRNELRSFFALDQI,5.0,0.0,0.0,0.0,0.0,0.0,0.0,32.0,10722.130434782608,9333.238095238095,0.0,0.047755,0
