DRAMP_ID,Sequence,helix_percent,sheet_percent,loop_percent,mean_bfactor,mean_gyrate,num_hbonds,psa,sasa
DRAMP21513,GIGKFLHSAⓍKFGⓍAFVGEIJNS,0.00375,0.0949999999999999,0.90125,224.24628029519133,8.499215141019848,2.0,869.6676025390625,1782.011386847692
DRAMP21528,GIGKFLKSAKKFGKAⓍVGEⓍJNS,0.00125,0.0908333333333333,0.9079166666666668,427.3183333641196,9.812929924876636,0.0,937.4027709960938,1963.413517844024
DRAMP21538,GIGKFLHSAKKFGKAⓍVGEⓍJKS,0.0079166666666666,0.1174999999999999,0.8745833333333333,417.4799100286619,9.545258781495276,1.0,925.4254760742188,1958.441825942852
DRAMP21541,GⓍRKRⓍRKFRNKIKEKKKKIGQKⓍQGLⓍPKLA,0.2327272727272727,0.0,0.7672727272727273,701.5301598370602,18.267847310472906,2.0,1632.646484375,3447.248393256627
DRAMP21552,GIGKFLHSAⓏKFGKAFⓍGEIJNS,0.0129166666666666,0.1112499999999999,0.8758333333333331,215.23105299631743,8.347912770568913,2.0,885.1774291992188,1754.8267613332628
DRAMP29015,IKLSPⓍTKDⓍLKKVLKGAIKGAIAVAKMV,0.1713333333333333,0.0026666666666666,0.826,1219.0709567038548,13.129201349162104,1.0,1095.7705078125,2638.3754718492128
DRAMP29016,IKLSPETKDNLKKVLKGⓍIKGⓍIAVAKMV,0.1129999999999999,0.0859999999999999,0.801,469.33291580869,11.98206078170285,0.0,1172.0810546875,2475.7516831203566
DRAMP29021,IKLSKⓍTKKⓍLKKVLKGAIKGAIAVAKMV,0.2149999999999999,0.0013333333333333,0.7836666666666666,765.7206012222221,16.484394496096595,0.0,1173.0921630859375,2843.0629794094893
DRAMP29022,IKLSKKTKKNLKKVLKGⓍIKGⓍIAVAKMV,0.1859999999999999,0.0,0.814,636.7691785521865,17.02674345156617,2.0,1219.2474365234375,2940.170024601553
DRAMP29025,IKLSKⓍTKKⓍLKKVLKGⓍIKGⓍIAVAKMV,0.225,0.0073333333333333,0.7676666666666666,393.0739766949326,10.209592974958872,4.0,1147.8795166015625,2555.5311678463927
DRAMP29027,IKLSKKTKKNLKKVLKGⓍIKGⓍIAVAKMV,0.0393333333333333,0.014,0.9466666666666668,979.8784293936396,15.566252763690882,0.0,1253.9637451171875,2971.7183710680174
