peptide_id,external_id,seq_index,sequence,pdb_file,label,plddt_mean,plddt_std,plddt_min,plddt_max,radius_gyration,end_to_end_distance,max_pairwise_distance,centroid_distance_mean,centroid_distance_std,fraction_helix,fraction_sheet,fraction_coil,ss_method,total_sasa,hydrophobic_sasa,fraction_hydrophobic_sasa,length,net_charge,mean_hydrophobicity,hydrophobic_moment,curvature_mean,curvature_std,curvature_max,torsion_mean,torsion_std,ss_residues_computed
structure_1,DRAMP21468,1,KFFKKLKKAVKKGFKKFAKV,structure_1.pdb,1,0.9105000000000001,0.024181604578687517,0.84,0.93,9.004494667053223,29.424890518188477,29.424890518188477,8.070463180541992,3.9935624599456787,1.0,0.0,0.0,phi_psi,2511.5078692165043,1047.2704319573706,0.4169887121572426,20,10.0,-0.6199999999999999,2.091287090434146,0.36763447523117065,0.007039954885840416,0.3797202706336975,0.8807284235954285,0.057505883276462555,18
structure_2,DRAMP21469,2,KFFKKLKKAVKKGFKKFAKV,structure_2.pdb,1,0.9105000000000001,0.024181604578687517,0.84,0.93,9.004494667053223,29.424890518188477,29.424890518188477,8.070463180541992,3.9935624599456787,1.0,0.0,0.0,phi_psi,2511.5078692165043,1047.2704319573706,0.4169887121572426,20,10.0,-0.6199999999999999,2.091287090434146,0.36763447523117065,0.007039954885840416,0.3797202706336975,0.8807284235954285,0.057505883276462555,18
structure_3,DRAMP21470,3,KFFKKLKKAVKKGFKKFAKV,structure_3.pdb,1,0.9105000000000001,0.024181604578687517,0.84,0.93,9.004494667053223,29.424890518188477,29.424890518188477,8.070463180541992,3.9935624599456787,1.0,0.0,0.0,phi_psi,2511.5078692165043,1047.2704319573706,0.4169887121572426,20,10.0,-0.6199999999999999,2.091287090434146,0.36763447523117065,0.007039954885840416,0.3797202706336975,0.8807284235954285,0.057505883276462555,18
structure_4,DRAMP21471,4,KFFKKLKKAVKKGFKKFAKV,structure_4.pdb,1,0.9105000000000001,0.024181604578687517,0.84,0.93,9.004494667053223,29.424890518188477,29.424890518188477,8.070463180541992,3.9935624599456787,1.0,0.0,0.0,phi_psi,2511.5078692165043,1047.2704319573706,0.4169887121572426,20,10.0,-0.6199999999999999,2.091287090434146,0.36763447523117065,0.007039954885840416,0.3797202706336975,0.8807284235954285,0.057505883276462555,18
structure_5,DRAMP21472,5,KFFKKLKKAVKKGFKKFAKV,structure_5.pdb,1,0.9105000000000001,0.024181604578687517,0.84,0.93,9.004494667053223,29.424890518188477,29.424890518188477,8.070463180541992,3.9935624599456787,1.0,0.0,0.0,phi_psi,2511.5078692165043,1047.2704319573706,0.4169887121572426,20,10.0,-0.6199999999999999,2.091287090434146,0.36763447523117065,0.007039954885840416,0.3797202706336975,0.8807284235954285,0.057505883276462555,18
structure_6,DRAMP21473,6,KFFKKLKKAVKKGFKKFAKV,structure_6.pdb,1,0.9105000000000001,0.024181604578687517,0.84,0.93,9.004494667053223,29.424890518188477,29.424890518188477,8.070463180541992,3.9935624599456787,1.0,0.0,0.0,phi_psi,2511.5078692165043,1047.2704319573706,0.4169887121572426,20,10.0,-0.6199999999999999,2.091287090434146,0.36763447523117065,0.007039954885840416,0.3797202706336975,0.8807284235954285,0.057505883276462555,18
structure_7,DRAMP21474,7,KFFKKLKKAVKKGFKKFAKV,structure_7.pdb,1,0.9105000000000001,0.024181604578687517,0.84,0.93,9.004494667053223,29.424890518188477,29.424890518188477,8.070463180541992,3.9935624599456787,1.0,0.0,0.0,phi_psi,2511.5078692165043,1047.2704319573706,0.4169887121572426,20,10.0,-0.6199999999999999,2.091287090434146,0.36763447523117065,0.007039954885840416,0.3797202706336975,0.8807284235954285,0.057505883276462555,18
structure_8,DRAMP21475,8,KFFKKLKKAVKKGFKKFAKV,structure_8.pdb,1,0.9105000000000001,0.024181604578687517,0.84,0.93,9.004494667053223,29.424890518188477,29.424890518188477,8.070463180541992,3.9935624599456787,1.0,0.0,0.0,phi_psi,2511.5078692165043,1047.2704319573706,0.4169887121572426,20,10.0,-0.6199999999999999,2.091287090434146,0.36763447523117065,0.007039954885840416,0.3797202706336975,0.8807284235954285,0.057505883276462555,18
structure_9,DRAMP21476,9,KFFKKLKKAVKKGFKKFAKV,structure_9.pdb,1,0.9105000000000001,0.024181604578687517,0.84,0.93,9.004494667053223,29.424890518188477,29.424890518188477,8.070463180541992,3.9935624599456787,1.0,0.0,0.0,phi_psi,2511.5078692165043,1047.2704319573706,0.4169887121572426,20,10.0,-0.6199999999999999,2.091287090434146,0.36763447523117065,0.007039954885840416,0.3797202706336975,0.8807284235954285,0.057505883276462555,18
structure_10,DRAMP21477,10,KFFKKLKKAVKKGFKKFAKV,structure_10.pdb,1,0.9105000000000001,0.024181604578687517,0.84,0.93,9.004494667053223,29.424890518188477,29.424890518188477,8.070463180541992,3.9935624599456787,1.0,0.0,0.0,phi_psi,2511.5078692165043,1047.2704319573706,0.4169887121572426,20,10.0,-0.6199999999999999,2.091287090434146,0.36763447523117065,0.007039954885840416,0.3797202706336975,0.8807284235954285,0.057505883276462555,18
structure_11,DRAMP21478,11,KFFKKLKKAVKKGFKKFAKV,structure_11.pdb,1,0.9105000000000001,0.024181604578687517,0.84,0.93,9.004494667053223,29.424890518188477,29.424890518188477,8.070463180541992,3.9935624599456787,1.0,0.0,0.0,phi_psi,2511.5078692165043,1047.2704319573706,0.4169887121572426,20,10.0,-0.6199999999999999,2.091287090434146,0.36763447523117065,0.007039954885840416,0.3797202706336975,0.8807284235954285,0.057505883276462555,18
structure_12,DRAMP21479,12,KFFKKLKKAVKKGFKKFAKV,structure_12.pdb,1,0.9105000000000001,0.024181604578687517,0.84,0.93,9.004494667053223,29.424890518188477,29.424890518188477,8.070463180541992,3.9935624599456787,1.0,0.0,0.0,phi_psi,2511.5078692165043,1047.2704319573706,0.4169887121572426,20,10.0,-0.6199999999999999,2.091287090434146,0.36763447523117065,0.007039954885840416,0.3797202706336975,0.8807284235954285,0.057505883276462555,18
structure_13,DRAMP21480,13,KFFKKLKKAVKKGFKKFAKV,structure_13.pdb,1,0.9105000000000001,0.024181604578687517,0.84,0.93,9.004494667053223,29.424890518188477,29.424890518188477,8.070463180541992,3.9935624599456787,1.0,0.0,0.0,phi_psi,2511.5078692165043,1047.2704319573706,0.4169887121572426,20,10.0,-0.6199999999999999,2.091287090434146,0.36763447523117065,0.007039954885840416,0.3797202706336975,0.8807284235954285,0.057505883276462555,18
structure_14,DRAMP21482,14,KKKKKKAAFXAWAXFAA,structure_14.pdb,1,0.9093333333333332,0.03567756842735906,0.8,0.95,7.910042762756348,24.561460494995117,24.561460494995117,7.16364049911499,3.3542556762695312,0.6923076923076923,0.0,0.3076923076923077,phi_psi,1977.6434327789855,970.7293219965809,0.4908515387086294,17,6.0,-0.46470588235294114,0.21882494193175206,0.359796404838562,0.005907011218369007,0.36927783489227295,1.2710274457931519,0.44744443893432617,13
structure_15,DRAMP21483,15,KKKKKKAGFXAWAXFGA,structure_15.pdb,1,0.6713333333333333,0.044998765415163205,0.61,0.75,8.379178047180176,25.826383590698242,25.826383590698242,7.571348667144775,3.589611530303955,0.6153846153846154,0.0,0.3846153846153846,phi_psi,2128.0981377024377,931.6810594716046,0.43779985657873705,17,6.0,-0.7235294117647058,0.35151821979696374,0.3551158308982849,0.010101825930178165,0.3712313175201416,1.344206690788269,0.4643152356147766,13
structure_16,DRAMP21484,16,KKKKKKAGFXAWGXFGA,structure_16.pdb,1,0.7253333333333334,0.06561165208169119,0.6,0.8,13.758694648742676,42.751163482666016,42.751163482666016,12.152547836303711,6.451142311096191,0.0,0.3076923076923077,0.6923076923076923,phi_psi,2434.322192407792,1001.4935942515301,0.41140552280836384,17,6.0,-0.852941176470588,0.4218057750242316,0.28187400102615356,0.05191590264439583,0.33607450127601624,2.1378977298736572,0.6785433888435364,13
structure_17,DRAMP21485,17,KKKKKKNGFXAWGXFGA,structure_17.pdb,1,0.7053333333333335,0.07701659272881109,0.55,0.8,12.8091402053833,39.735130310058594,39.735130310058594,11.499744415283203,5.641803741455078,0.0,0.15384615384615385,0.8461538461538461,phi_psi,2411.930377671995,926.7228220165207,0.3842245325965824,17,6.0,-1.164705882352941,0.12895555041888546,0.3013376295566559,0.042400628328323364,0.3488004803657532,2.4155735969543457,0.34308063983917236,13
structure_18,DRAMP21486,18,VNWKKXLGKXIKVVK,structure_18.pdb,1,0.8707692307692306,0.04410852672871216,0.77,0.91,7.392781734466553,21.83469581604004,21.83469581604004,6.766064643859863,2.978856325149536,0.45454545454545453,0.0,0.5454545454545454,phi_psi,1847.3591475587177,862.0088784850709,0.46661683496910406,15,5.0,-0.22666666666666666,1.1821638016091949,0.3576121926307678,0.013464288786053658,0.3837023973464966,1.5472338199615479,0.5070619583129883,11
structure_19,DRAMP21487,19,VNWKKILGKXIKVXK,structure_19.pdb,1,0.9007692307692307,0.03173484822267121,0.82,0.93,6.894233703613281,22.106042861938477,22.106042861938477,6.221480369567871,2.9704625606536865,0.6363636363636364,0.0,0.36363636363636365,phi_psi,1764.8906816410642,804.6044534479875,0.45589478250280907,15,5.0,-0.2066666666666666,0.9941442290039428,0.3598147928714752,0.013983683660626411,0.38487517833709717,1.3822907209396362,0.5872434377670288,11
structure_20,DRAMP21488,20,VXWKKXLGKIIKVVK,structure_20.pdb,1,0.7823076923076925,0.044747814068458416,0.71,0.84,10.78158187866211,34.1104850769043,34.1104850769043,9.551215171813965,5.001678466796875,0.09090909090909091,0.5454545454545454,0.36363636363636365,phi_psi,2000.1209250296313,1033.7200516920543,0.5168287770784359,15,5.0,0.30666666666666664,1.3494048927225022,0.31420427560806274,0.02320590615272522,0.3610978424549103,2.2960762977600098,0.4294876456260681,11
structure_21,DRAMP21489,21,VNXKKIXGKXIKVXK,structure_21.pdb,1,0.8681818181818183,0.030096264285903368,0.8,0.9,6.975146293640137,21.285064697265625,21.285064697265625,6.3473124504089355,2.8921079635620117,0.2222222222222222,0.1111111111111111,0.6666666666666667,phi_psi,1649.971913523134,600.3229063695063,0.36383825776019146,15,5.0,-0.39999999999999986,0.8636886673738093,0.333404541015625,0.058511171489953995,0.3630825877189636,1.6122312545776367,0.44116467237472534,9
structure_22,DRAMP21490,22,VNZKKILGKXIKVVK,structure_22.pdb,1,0.8746153846153847,0.03629269572949368,0.79,0.9,7.075924396514893,21.284299850463867,21.284299850463867,6.431447505950928,2.950453996658325,0.6363636363636364,0.0,0.36363636363636365,phi_psi,1750.7445674440328,770.8129048129274,0.44027719357042555,15,5.0,0.13333333333333336,1.324865250340495,0.3405691385269165,0.051836851984262466,0.3732408285140991,1.1693713665008545,0.4716396629810333,11
structure_23,DRAMP21491,23,VNZKKILGKXIKVVK,structure_23.pdb,1,0.8746153846153847,0.03629269572949368,0.79,0.9,7.075924396514893,21.284299850463867,21.284299850463867,6.431447505950928,2.950453996658325,0.6363636363636364,0.0,0.36363636363636365,phi_psi,1750.7445674440328,770.8129048129274,0.44027719357042555,15,5.0,0.13333333333333336,1.324865250340495,0.3405691385269165,0.051836851984262466,0.3732408285140991,1.1693713665008545,0.4716396629810333,11
structure_24,DRAMP21492,24,VNXKKIXPKXIKVXK,structure_24.pdb,1,0.6845454545454545,0.047360059191385834,0.61,0.75,11.76510238647461,36.28156661987305,36.28156661987305,10.613821029663086,5.075868606567383,0.0,0.2222222222222222,0.7777777777777778,phi_psi,2120.731203460735,807.9684582950807,0.3809857925307035,15,5.0,-0.4799999999999999,0.9314967890923942,0.23362551629543304,0.07792892307043076,0.37913259863853455,2.424344778060913,0.5750855803489685,9
structure_25,DRAMP21493,25,VNXKKIXPKXIKVXK,structure_25.pdb,1,0.6845454545454545,0.047360059191385834,0.61,0.75,11.76510238647461,36.28156661987305,36.28156661987305,10.613821029663086,5.075868606567383,0.0,0.2222222222222222,0.7777777777777778,phi_psi,2120.731203460735,807.9684582950807,0.3809857925307035,15,5.0,-0.4799999999999999,0.9314967890923942,0.23362551629543304,0.07792892307043076,0.37913259863853455,2.424344778060913,0.5750855803489685,9
structure_26,DRAMP21495,26,GFLSILKKVLPKXJAHXK,structure_26.pdb,1,0.9006666666666667,0.03659993928349549,0.79,0.93,8.123589515686035,26.96906852722168,26.96906852722168,7.215639114379883,3.731924533843994,0.7692307692307693,0.0,0.23076923076923073,phi_psi,1889.323134791861,845.4749402430108,0.44750150182020254,18,4.1,0.17222222222222233,1.1525862874467527,0.3513031303882599,0.020125197246670723,0.3750224709510803,1.2798049449920654,0.7490260004997253,13
structure_27,DRAMP21496,27,GFLSXLKKXLPKVJAHJK,structure_27.pdb,1,0.8942857142857142,0.04048179232944217,0.78,0.93,8.420495986938477,26.993751525878906,26.993751525878906,7.650733947753906,3.5172479152679443,0.4166666666666667,0.0,0.5833333333333333,phi_psi,1895.9679928116927,788.5810868439887,0.4159253161623971,18,4.1,-0.07777777777777779,1.2760391048854323,0.34995710849761963,0.02321922406554222,0.3786904811859131,1.5868996381759644,0.48714134097099304,12
structure_28,DRAMP21497,28,GFLSXLKKXLPKXJAHXK,structure_28.pdb,1,0.8915384615384615,0.04110888989503813,0.79,0.93,8.495125770568848,26.520957946777344,26.520957946777344,7.691581726074219,3.6064844131469727,0.36363636363636365,0.0,0.6363636363636364,phi_psi,1871.3345888857066,703.4513903558502,0.37590893394148345,18,4.1,-0.3111111111111111,1.0696149747930024,0.3432264029979706,0.02641342207789421,0.37972065806388855,1.796501874923706,0.595766007900238,11
structure_29,DRAMP21498,29,GFZSILKKVXPKVJAHJK,structure_29.pdb,1,0.8985714285714286,0.04290473547908916,0.77,0.94,8.27407169342041,27.058494567871094,27.058494567871094,7.480642795562744,3.535569190979004,0.4166666666666667,0.0,0.5833333333333333,phi_psi,1845.3200277318667,780.14897676353,0.4227716412542449,18,4.1,-0.01666666666666668,1.2578437902952584,0.3465452194213867,0.022746285423636436,0.371737539768219,1.5506664514541626,0.5635786056518555,12
structure_30,DRAMP21499,30,GFZSILKKVXPKVJAHJK,structure_30.pdb,1,0.8985714285714286,0.04290473547908916,0.77,0.94,8.27407169342041,27.058494567871094,27.058494567871094,7.480642795562744,3.535569190979004,0.4166666666666667,0.0,0.5833333333333333,phi_psi,1845.3200277318667,780.14897676353,0.4227716412542449,18,4.1,-0.01666666666666668,1.2578437902952584,0.3465452194213867,0.022746285423636436,0.371737539768219,1.5506664514541626,0.5635786056518555,12
structure_31,DRAMP21500,31,GFLSXLKKXLGKXJAHXK,structure_31.pdb,1,0.9192307692307692,0.03832282679101891,0.81,0.95,8.232756614685059,26.024293899536133,26.024293899536133,7.348283767700195,3.7122790813446045,0.36363636363636365,0.0,0.6363636363636364,phi_psi,1826.3681438544152,672.0054050614427,0.3679463022406999,18,4.1,-0.24444444444444446,1.0285667105551874,0.35341137647628784,0.016321107745170593,0.37700140476226807,1.8327734470367432,0.5849258303642273,11
structure_32,DRAMP21501,32,GFLSXLKKXLAKXJAHXK,structure_32.pdb,1,0.9215384615384614,0.030088626485550683,0.84,0.95,8.298128128051758,26.508039474487305,26.508039474487305,7.399430274963379,3.7559759616851807,0.36363636363636365,0.0,0.6363636363636364,phi_psi,1890.4550380585788,746.0170805467507,0.3946230222501775,18,4.1,-0.12222222222222226,0.9608001446938332,0.35209786891937256,0.015486961230635643,0.3732246160507202,1.843931794166565,0.5664191842079163,11
structure_33,DRAMP21502,33,IDWKKLLKAAKGIL,structure_33.pdb,1,0.8314285714285715,0.051249688899005996,0.73,0.89,6.5663652420043945,20.630449295043945,20.630449295043945,5.973413944244385,2.726808786392212,0.9166666666666666,0.0,0.08333333333333337,phi_psi,1695.7885112255979,979.0312947429572,0.5773310104780587,14,3.0,0.2571428571428571,1.1436869712766549,0.3656315505504608,0.010258891619741917,0.3785078227519989,1.0765533447265625,0.6085058450698853,12
structure_34,DRAMP21503,34,IKWKKLLGAAKQIL,structure_34.pdb,1,0.8542857142857142,0.04030495994190253,0.73,0.9,6.529541969299316,20.22347068786621,20.22347068786621,5.971543312072754,2.641134023666382,1.0,0.0,0.0,phi_psi,1871.5533819644734,1006.4289483457253,0.5377505969342582,14,4.0,0.2571428571428572,1.0661694577915684,0.36394500732421875,0.006346719805151224,0.3743031919002533,0.8756889700889587,0.05828879773616791,12
structure_35,DRAMP21504,35,XIGKXLHSAKKFGKAFVGEIJNS,structure_35.pdb,1,0.922,0.027129319932501072,0.82,0.95,9.482897758483887,31.51940155029297,31.51940155029297,8.388257026672363,4.422949314117432,0.7777777777777778,0.0,0.2222222222222222,phi_psi,2198.076448043508,931.2803807445657,0.4236797048498889,23,3.0999999999999996,-0.10434782608695654,1.4058159842528997,0.36285069584846497,0.006741414312273264,0.373467355966568,1.109052300453186,0.41524767875671387,18
structure_36,DRAMP21505,36,GXGKFXHSAKKFGKAFVGEIJNS,structure_36.pdb,1,0.7660000000000001,0.029563490998188977,0.71,0.84,13.844882011413574,45.120033264160156,45.120033264160156,12.281557083129883,6.3909406661987305,0.2777777777777778,0.05555555555555555,0.6666666666666666,phi_psi,2711.565620370457,995.3338358365249,0.36706979479277413,23,3.0999999999999996,-0.36086956521739133,1.1854120731972424,0.32450318336486816,0.05615104362368584,0.38578110933303833,1.8749343156814575,0.6754634976387024,18
structure_37,DRAMP21506,37,GIXKFLXSAKKFGKAFVGEIJNS,structure_37.pdb,1,0.807,0.08672369918309529,0.68,0.92,10.383916854858398,34.746551513671875,34.746551513671875,9.140264511108398,4.927606105804443,0.6666666666666666,0.0,0.33333333333333337,phi_psi,2316.3976489698703,1046.0943578979434,0.45160396288744037,23,3.0,0.15652173913043477,1.3587573596003302,0.35910317301750183,0.0078063965775072575,0.3719729483127594,1.2596651315689087,0.41352078318595886,18
structure_38,DRAMP21507,38,GIGXFLHXAKKFGKAFVGEIJNS,structure_38.pdb,1,0.734,0.11757550765359256,0.58,0.9,12.312182426452637,38.738677978515625,38.738677978515625,11.105499267578125,5.315801620483398,0.2222222222222222,0.05555555555555555,0.7222222222222222,phi_psi,2569.194283610174,1237.6066880076085,0.4817100426786531,23,2.1,0.20434782608695645,1.321941450024235,0.33614230155944824,0.044243503361940384,0.3872726261615753,1.6240618228912354,0.5328611731529236,18
structure_39,DRAMP21508,39,GIGKXLHSXKKFGKAFVGEIJNS,structure_39.pdb,1,0.724,0.09074139077620533,0.57,0.86,13.127635955810547,40.877506256103516,40.877506256103516,11.90843391418457,5.524855136871338,0.2222222222222222,0.05555555555555555,0.7222222222222222,phi_psi,2722.757657296206,1074.477252655989,0.3946283099330194,23,3.0999999999999996,-0.2,1.3322538482467763,0.32350677251815796,0.0520438514649868,0.3790237009525299,1.8729921579360962,0.773591935634613,18
structure_40,DRAMP21509,40,GIGKFXHSAXKFGKAFVGEIJNS,structure_40.pdb,1,0.8035,0.08486901672577574,0.67,0.92,11.203998565673828,35.75922393798828,35.75922393798828,9.999002456665039,5.054653167724609,0.6666666666666666,0.0,0.33333333333333337,phi_psi,2371.128892818015,1036.458854468342,0.4371162013198455,23,2.1,0.004347826086956536,1.3754553615285798,0.3565528392791748,0.013382580131292343,0.3799598515033722,1.359764575958252,0.41197001934051514,18
structure_41,DRAMP21510,41,GIGKFLXSAKXFGKAFVGEIJNS,structure_41.pdb,1,0.9295,0.03263050719801946,0.83,0.95,10.357239723205566,33.4980354309082,33.4980354309082,9.267419815063477,4.624645709991455,0.6666666666666666,0.0,0.33333333333333337,phi_psi,2151.787430204167,991.2617788371654,0.46066900704179314,23,2.0,0.3086956521739131,1.1944030090099773,0.3628547191619873,0.007802634034305811,0.3869136869907379,1.265832543373108,0.447616845369339,18
structure_42,DRAMP21511,42,GIGKFLHXAKKXGKAFVGEIJNS,structure_42.pdb,1,0.9035,0.03335790760824185,0.8,0.94,10.505407333374023,33.93690872192383,33.93690872192383,9.445530891418457,4.598428249359131,0.6666666666666666,0.0,0.33333333333333337,phi_psi,2212.067568625382,886.5666077272174,0.4007864046748561,23,3.0999999999999996,-0.08695652173913042,1.4309537072547562,0.36286234855651855,0.009211905300617218,0.3821548521518707,1.277960181236267,0.44494307041168213,18
structure_43,DRAMP21512,43,GIGKFLHSXKKFXKAFVGEIJNS,structure_43.pdb,1,0.9205000000000002,0.02692118125194361,0.84,0.95,10.473373413085938,33.72930908203125,33.72930908203125,9.432955741882324,4.55092191696167,0.6666666666666666,0.0,0.33333333333333337,phi_psi,2329.867906056151,985.5640733032792,0.4230128543946417,23,3.0999999999999996,-0.06086956521739133,1.4184037779552032,0.3624204099178314,0.009178207255899906,0.3872864246368408,1.264237403869629,0.4460723102092743,18
structure_44,DRAMP21513,44,GIGKFLHSAXKFGXAFVGEIJNS,structure_44.pdb,1,0.9159999999999998,0.03152776554086888,0.81,0.95,10.65672779083252,34.53898239135742,34.53898239135742,9.60273551940918,4.620965957641602,0.6666666666666666,0.0,0.33333333333333337,phi_psi,2179.562037226254,1070.1345662990789,0.4909860550062386,23,1.1,0.3391304347826087,1.4127001548947102,0.3619723916053772,0.008076343685388565,0.3761306703090668,1.2924985885620117,0.4576745331287384,18
structure_45,DRAMP21514,45,GIGKFLHSAKXFGKXFVGEIJNS,structure_45.pdb,1,0.9260000000000002,0.03184336665618131,0.82,0.95,10.429954528808594,33.512508392333984,33.512508392333984,9.377532005310059,4.565724849700928,0.6666666666666666,0.0,0.33333333333333337,phi_psi,2236.578463004249,958.6226669184068,0.4286112393440255,23,2.1,0.09130434782608694,1.364233983212903,0.36288464069366455,0.010124697349965572,0.3876293897628784,1.261367678642273,0.4411025941371918,18
structure_46,DRAMP21515,46,GIGKFLHSAKKXGKAXVGEIJNS,structure_46.pdb,1,0.916,0.03527038417709679,0.82,0.95,10.442672729492188,33.40483856201172,33.40483856201172,9.368326187133789,4.613443374633789,0.6666666666666666,0.0,0.33333333333333337,phi_psi,2270.0753176820317,813.9897981377688,0.3585739168200515,23,3.0999999999999996,-0.24347826086956517,1.3499800389044716,0.36354127526283264,0.009654704481363297,0.3880748450756073,1.2806336879730225,0.47279950976371765,18
structure_47,DRAMP21516,47,GIGKFLHSAKKFXKAFXGEIJNS,structure_47.pdb,1,0.9125,0.03144439536706026,0.82,0.94,10.345817565917969,33.7353630065918,33.7353630065918,9.202033996582031,4.728479385375977,0.6666666666666666,0.0,0.33333333333333337,phi_psi,2261.9420233284113,918.9385711730852,0.40626088630728113,23,3.0999999999999996,-0.16521739130434784,1.4361188603667703,0.36242371797561646,0.0092619014903903,0.3852727711200714,1.265795111656189,0.45241984724998474,18
structure_48,DRAMP21517,48,GIGKFLHSAKKFGXAFVXEIJNS,structure_48.pdb,1,0.9315000000000001,0.031823733281939125,0.83,0.95,10.189383506774902,33.53213119506836,33.53213119506836,9.001409530639648,4.774740695953369,0.6666666666666666,0.0,0.33333333333333337,phi_psi,2274.45743730993,1029.7033244225097,0.452724815831406,23,2.1,0.18695652173913035,1.3644435410560833,0.36425814032554626,0.00968072097748518,0.3862614333629608,1.2698153257369995,0.517926037311554,18
structure_49,DRAMP21518,49,GIGKFLHSAKKFGKXFVGXIJNS,structure_49.pdb,1,0.932,0.020149441679609862,0.87,0.95,10.150238990783691,33.9788703918457,33.9788703918457,8.922186851501465,4.839618682861328,0.7222222222222222,0.0,0.2777777777777778,phi_psi,2233.4560843313284,967.1722097322565,0.4330383823158166,23,4.1,0.07391304347826087,1.5297599753303888,0.36197155714035034,0.01653670147061348,0.3834930658340454,1.3004032373428345,0.6694796681404114,18
structure_50,DRAMP21519,50,GIGKFLHSAKKFGKAXVGEXJNS,structure_50.pdb,1,0.7519999999999999,0.08541662601625048,0.61,0.88,11.342628479003906,37.57353210449219,37.57353210449219,9.946662902832031,5.451523303985596,0.6111111111111112,0.0,0.38888888888888884,phi_psi,2445.201628298138,877.3744458528904,0.3588147642710117,23,3.0999999999999996,-0.3173913043478261,1.1829112027712143,0.34722578525543213,0.03065427578985691,0.3910033702850342,1.3077040910720825,0.5746504664421082,18
structure_51,DRAMP21520,51,GIGKFLHSAKKFGKAFXGEIXNS,structure_51.pdb,1,0.89,0.038421224293227266,0.79,0.93,10.172812461853027,33.77486801147461,33.77486801147461,8.97680950164795,4.785709857940674,0.7894736842105263,0.0,0.21052631578947367,phi_psi,2239.390251261065,916.5752012852721,0.4092967720874566,23,3.0999999999999996,-0.18260869565217397,1.4218485876197395,0.36368727684020996,0.009286122396588326,0.38928961753845215,1.1122997999191284,0.41805699467658997,19
structure_52,DRAMP21521,52,GIGKFLHSAKKFGKAFVXEIJXS,structure_52.pdb,1,0.9305,0.030079062485390058,0.83,0.95,9.571941375732422,33.687503814697266,33.687503814697266,8.4158353805542,4.560237407684326,0.8333333333333334,0.0,0.16666666666666663,phi_psi,2221.9372086722706,1003.8452648483013,0.4517883137877483,23,3.0999999999999996,0.1695652173913043,1.3301199161865118,0.363266259431839,0.017340654507279396,0.38837313652038574,1.0948501825332642,0.5312328934669495,18
structure_53,DRAMP21522,53,GIGKFLHSAKKFGKAFVGXIJNX,structure_53.pdb,1,0.9355,0.01564448784716199,0.88,0.95,9.364860534667969,32.3658332824707,32.3658332824707,8.28966999053955,4.3568315505981445,0.8888888888888888,0.0,0.11111111111111116,phi_psi,2154.454868561736,1043.2280190262907,0.48421901718587657,23,4.1,0.18695652173913038,1.5069688153657395,0.36394834518432617,0.016657235100865364,0.3813054859638214,1.0397050380706787,0.5018989443778992,18
structure_54,DRAMP21523,54,KIGKFLHSAKKFGKAXVGEXJNS,structure_54.pdb,1,0.76,0.08637129152675672,0.62,0.88,11.667672157287598,38.5100212097168,38.5100212097168,10.195760726928711,5.672830581665039,0.5555555555555556,0.0,0.4444444444444444,phi_psi,2614.666927182552,891.4872340350527,0.34095632784695806,23,4.1,-0.46956521739130436,1.2019454849823377,0.33993375301361084,0.039047855883836746,0.37517353892326355,1.3155286312103271,0.619917094707489,18
structure_55,DRAMP21524,55,GKGKFLHSAKKFGKAXVGEXJNS,structure_55.pdb,1,0.7329999999999999,0.05129327441292864,0.65,0.83,12.22220516204834,39.774967193603516,39.774967193603516,10.685750007629395,5.932711124420166,0.5555555555555556,0.0,0.4444444444444444,phi_psi,2606.3947744336438,790.9349439892467,0.30345938065391986,23,4.1,-0.6826086956521741,0.8210402886042564,0.3333050608634949,0.05014912784099579,0.38095828890800476,1.3272204399108887,0.594494104385376,18
structure_56,DRAMP21525,56,GIKKFLHSAKKFGKAXVGEXJNS,structure_56.pdb,1,0.7709999999999999,0.08791473141629905,0.62,0.89,10.900626182556152,35.96199035644531,35.96199035644531,9.554513931274414,5.247373104095459,0.7777777777777778,0.0,0.2222222222222222,phi_psi,2457.2099012607723,825.5562375096023,0.335973022526898,23,4.1,-0.46956521739130436,1.2346811369150812,0.3501547574996948,0.025487545877695084,0.3833402097225189,1.254839301109314,0.5687323808670044,18
structure_57,DRAMP21526,57,GIGKKLHSAKKFGKAXVGEXJNS,structure_57.pdb,1,0.7675000000000001,0.08449112379415957,0.63,0.88,12.320377349853516,39.34390640258789,39.34390640258789,10.828489303588867,5.876690864562988,0.5555555555555556,0.16666666666666666,0.2777777777777778,phi_psi,2606.5104981406316,727.9459861520302,0.27927989803659503,23,4.1,-0.6086956521739131,1.0366288681790359,0.32030561566352844,0.07270371168851852,0.3846592605113983,1.3705414533615112,0.8515780568122864,18
structure_58,DRAMP21527,58,GIGKFKHSAKKFGKAXVGEXJNS,structure_58.pdb,1,0.7045,0.04455053310567673,0.63,0.82,12.331449508666992,39.077850341796875,39.077850341796875,10.857415199279785,5.846466541290283,0.5555555555555556,0.1111111111111111,0.3333333333333333,phi_psi,2681.3128245322537,816.633863045995,0.3045649338541668,23,4.1,-0.6521739130434783,0.9827223203453442,0.3240932822227478,0.055932458490133286,0.3793765902519226,1.3494395017623901,0.6134129166603088,18
structure_59,DRAMP21528,59,GIGKFLKSAKKFGKAXVGEXJNS,structure_59.pdb,1,0.8955000000000002,0.04236448984704053,0.76,0.93,10.084284782409668,34.50568389892578,34.50568389892578,8.823539733886719,4.882410049438477,0.7222222222222222,0.0,0.2777777777777778,phi_psi,2262.6695407887596,795.5374903240912,0.3515924336201429,23,4.0,-0.3478260869565217,1.2083952543868077,0.35881197452545166,0.020877299830317497,0.38138002157211304,1.2061691284179688,0.5271203517913818,18
structure_60,DRAMP21529,60,GIGKFLHKAKKFGKAXVGEXJNS,structure_60.pdb,1,0.7584999999999998,0.09128389781336027,0.6,0.88,11.26131820678711,36.653568267822266,36.653568267822266,9.92316722869873,5.324288845062256,0.6666666666666666,0.0,0.33333333333333337,phi_psi,2493.8668337233185,872.5405400686649,0.3498745515477146,23,4.1,-0.45217391304347826,1.2429020572810328,0.3460313379764557,0.030479861423373222,0.38449805974960327,1.2941923141479492,0.5844753980636597,18
structure_61,DRAMP21530,61,GIGKFLHSKKKFGKAXVGEXJNS,structure_61.pdb,1,0.6159999999999999,0.04509988913511872,0.54,0.73,13.308394432067871,42.161643981933594,42.161643981933594,11.695974349975586,6.349608898162842,0.5555555555555556,0.0,0.4444444444444444,phi_psi,2738.2482726180097,814.6271141898467,0.29749936203227856,23,4.1,-0.5652173913043478,0.9437598770365183,0.2991953492164612,0.09512526541948318,0.39502009749412537,1.3888206481933594,0.7607604265213013,18
structure_62,DRAMP21531,62,GIGKFLHSAKKKGKAXVGEXJNS,structure_62.pdb,1,0.8965000000000002,0.03134884367883448,0.8,0.93,9.956757545471191,33.43109130859375,33.43109130859375,8.735151290893555,4.778510093688965,0.7777777777777778,0.0,0.2222222222222222,phi_psi,2193.297771458133,632.7502623770422,0.288492639080366,23,4.1,-0.6086956521739131,1.1352870766683114,0.359798789024353,0.01885383576154709,0.38233518600463867,1.1852890253067017,0.5292709469795227,18
structure_63,DRAMP21532,63,GIGKFLHSAKKFKKAXVGEXJNS,structure_63.pdb,1,0.7465,0.08816320094007477,0.6,0.88,10.63868236541748,35.78044128417969,35.78044128417969,9.313621520996094,5.141789436340332,0.7222222222222222,0.0,0.2777777777777778,phi_psi,2462.2277158789393,821.9878783435781,0.33383909743301454,23,4.1,-0.46956521739130436,1.0488704267369677,0.3541979193687439,0.026075243949890137,0.3848443031311035,1.2380770444869995,0.5245177745819092,18
structure_64,DRAMP21533,64,GIGKFLHSAKKFGKKXVGEXJNS,structure_64.pdb,1,0.8350000000000002,0.05869412236331675,0.73,0.9,10.083648681640625,34.1187629699707,34.1187629699707,8.856965065002441,4.8201799392700195,0.7222222222222222,0.0,0.2777777777777778,phi_psi,2268.512840292583,718.4952586359422,0.3167252333221415,23,4.1,-0.5652173913043478,1.3655012310893988,0.3579593896865845,0.017385462298989296,0.38323333859443665,1.19990873336792,0.521455705165863,18
structure_65,DRAMP21534,65,GIGKFLHSAKKFGKAXKGEXJNS,structure_65.pdb,1,0.8170000000000002,0.07000714249274857,0.69,0.9,10.113205909729004,34.20131301879883,34.20131301879883,8.87169075012207,4.854899883270264,0.7222222222222222,0.0,0.2777777777777778,phi_psi,2306.27861673177,676.8163646529264,0.2934668689822237,23,4.1,-0.6695652173913045,1.091111977642853,0.35994571447372437,0.017522605136036873,0.3842637836933136,1.2039905786514282,0.524258553981781,18
structure_66,DRAMP21535,66,GIGKFLHSAKKFGKAXVKEXJNS,structure_66.pdb,1,0.929,0.029647934160747177,0.84,0.95,9.931973457336426,33.55424118041992,33.55424118041992,8.70996379852295,4.772904396057129,0.7777777777777778,0.0,0.2222222222222222,phi_psi,2270.546066491616,809.6826746096974,0.3566026193253134,23,4.1,-0.46956521739130436,1.3313318129364071,0.36250922083854675,0.019448529928922653,0.3828504681587219,1.1969424486160278,0.5300137400627136,18
structure_67,DRAMP21536,67,GIGKFLHSAKKFGKAXVGKXJNS,structure_67.pdb,1,0.9109999999999999,0.044485952839070454,0.75,0.94,10.01840877532959,34.18647003173828,34.18647003173828,8.774640083312988,4.83468770980835,0.7222222222222222,0.0,0.2777777777777778,phi_psi,2252.9057849806672,805.4750893032619,0.35752719650909587,23,5.1,-0.3347826086956522,1.1841126458295002,0.36066290736198425,0.020435571670532227,0.3884560167789459,1.2017393112182617,0.5206184983253479,18
structure_68,DRAMP21537,68,GIGKFLHSAKKFGKAXVGEXKNS,structure_68.pdb,1,0.9242857142857145,0.030483630044341372,0.82,0.95,10.243674278259277,33.37181854248047,33.37181854248047,9.054146766662598,4.791166305541992,0.7894736842105263,0.0,0.21052631578947367,phi_psi,2289.062965450252,769.7305633119126,0.3362644780548922,23,4.1,-0.48695652173913045,1.2416482230178938,0.3652355670928955,0.009022240526974201,0.3877151608467102,1.1524802446365356,0.42125940322875977,19
structure_69,DRAMP21538,69,GIGKFLHSAKKFGKAXVGEXJKS,structure_69.pdb,1,0.9255000000000001,0.03201171660501823,0.82,0.95,10.031187057495117,34.0645866394043,34.0645866394043,8.774469375610352,4.861417293548584,0.7777777777777778,0.0,0.2222222222222222,phi_psi,2209.9153137638905,789.5699722467444,0.35728517166658397,23,4.1,-0.3347826086956522,1.1985059098045656,0.3577653467655182,0.02651982754468918,0.384039044380188,1.177098035812378,0.49978357553482056,18
structure_70,DRAMP21539,70,GIGKFLHSAKKFGKAXVGEXJNK,structure_70.pdb,1,0.7415,0.08070161088850705,0.6,0.87,11.14227294921875,36.69343948364258,36.69343948364258,9.7959566116333,5.309375286102295,0.6666666666666666,0.0,0.33333333333333337,phi_psi,2468.243727580487,863.1067520201649,0.349684572222627,23,4.1,-0.45217391304347826,1.108132510358688,0.34815162420272827,0.029189588502049446,0.38563066720962524,1.2944607734680176,0.5732106566429138,18
structure_71,DRAMP21540,71,GXGSFXKKKAHVGKHXGKAXLTHYL,structure_71.pdb,1,0.5961904761904762,0.04052937682086327,0.53,0.68,13.86397647857666,41.88421630859375,41.88421630859375,12.858892440795898,5.182541370391846,0.3157894736842105,0.05263157894736842,0.631578947368421,phi_psi,2910.2363332351088,788.4456716342484,0.2709215271042224,25,5.299999999999999,-0.612,0.38169549132196684,0.3235548734664917,0.04646531865000725,0.3868120610713959,1.6652820110321045,0.6527970433235168,19
structure_72,DRAMP21541,72,GXRKRXRKFRNKIKEKKKKIGQKXQGLXPKLA,structure_72.pdb,1,0.8414285714285714,0.08654950217378847,0.61,0.92,13.684104919433594,46.88209915161133,46.88209915161133,11.887652397155762,6.777789115905762,0.7307692307692307,0.0,0.2692307692307693,phi_psi,3481.119525644273,808.7795798191257,0.23233318300653286,32,13.0,-1.6437500000000003,1.1830792632242881,0.3624849021434784,0.012897947803139687,0.3829362988471985,1.1996982097625732,0.43834635615348816,26
structure_73,DRAMP21542,73,GXGKFXHSKKKFGKAXVGEXBNS,structure_73.pdb,1,0.5722222222222223,0.03206859931035957,0.49,0.62,12.802291870117188,42.49961471557617,42.49961471557617,11.169727325439453,6.255868434906006,0.3125,0.0,0.6875,phi_psi,2591.0777258227663,604.3679833711567,0.23324965412963317,23,4.1,-0.9260869565217391,0.6392585238374433,0.3077670633792877,0.05390918254852295,0.38500651717185974,1.7068018913269043,0.7188265919685364,16
structure_74,DRAMP21543,74,GXFSKXKGKKIKNLXISGXKG,structure_74.pdb,1,0.6652941176470587,0.050656588568496426,0.51,0.73,16.24411392211914,50.752689361572266,50.949180603027344,14.144356727600098,7.988015651702881,0.0,0.2,0.8,phi_psi,2693.918502753895,703.6844588316349,0.2612122297360829,21,6.0,-0.6904761904761906,0.6718272296448156,0.24317702651023865,0.08018551766872406,0.34696102142333984,2.2116191387176514,0.5374687910079956,15
structure_75,DRAMP21544,75,GZGKFLHSXKKFGKAFVGEIJNS,structure_75.pdb,1,0.8109999999999999,0.04380639222761901,0.72,0.88,13.871044158935547,45.36539840698242,45.36539840698242,12.341314315795898,6.332283973693848,0.2777777777777778,0.05555555555555555,0.6666666666666666,phi_psi,2706.689164855331,1075.0151687165073,0.39716979055996093,23,3.0999999999999996,-0.27391304347826084,1.2092847513719571,0.3244236409664154,0.05523184314370155,0.38583654165267944,1.848747968673706,0.7328031659126282,18
structure_76,DRAMP21545,76,GIZKFLHSAXKFGKAFVGEIJNS,structure_76.pdb,1,0.8705,0.052294837221278374,0.75,0.94,10.192851066589355,33.92586898803711,33.92586898803711,9.071030616760254,4.6487226486206055,0.6666666666666666,0.0,0.33333333333333337,phi_psi,2253.948203122241,1044.3420529139948,0.4633389762317248,23,2.1,0.18695652173913044,1.4909859609779414,0.36090731620788574,0.0067539699375629425,0.3712276518344879,1.2387958765029907,0.4544203281402588,18
structure_77,DRAMP21546,77,GIGZFLHSAKXFGKAFVGEIJNS,structure_77.pdb,1,0.9330000000000002,0.022825424421026638,0.85,0.95,10.15036392211914,33.53274154663086,33.53274154663086,9.05099868774414,4.594486713409424,0.6666666666666666,0.0,0.33333333333333337,phi_psi,2120.5389254239644,999.6649736988403,0.4714202421438573,23,1.1,0.3391304347826087,1.166910911613112,0.3648192584514618,0.006500569172203541,0.3739614486694336,1.2589917182922363,0.44063952565193176,18
structure_78,DRAMP21547,78,GIGKZLHSAKKXGKAFVGEIJNS,structure_78.pdb,1,0.9179999999999999,0.03501428280002318,0.8,0.95,10.254129409790039,33.386940002441406,33.386940002441406,9.168732643127441,4.591464042663574,0.6666666666666666,0.0,0.33333333333333337,phi_psi,2199.2712334287803,764.5042474725125,0.3476170814459342,23,3.0999999999999996,-0.24347826086956517,1.3823747052154478,0.36360418796539307,0.007500293664634228,0.37510669231414795,1.271220088005066,0.43895846605300903,18
structure_79,DRAMP21548,79,GIGKFZHSAKKFXKAFVGEIJNS,structure_79.pdb,1,0.9119999999999999,0.03429285639896449,0.8,0.95,10.3816499710083,33.92022705078125,33.92022705078125,9.268710136413574,4.676503658294678,0.6666666666666666,0.0,0.33333333333333337,phi_psi,2271.768133467492,947.7011965183553,0.4171645787952138,23,3.0999999999999996,-0.14782608695652175,1.3894742082297273,0.36200660467147827,0.00933822151273489,0.3825684189796448,1.2617120742797852,0.43077361583709717,18
structure_80,DRAMP21549,80,GIGKFLZSAKKFGXAFVGEIJNS,structure_80.pdb,1,0.86,0.06049793384901671,0.73,0.93,10.763662338256836,35.22477340698242,35.22477340698242,9.582250595092773,4.902744293212891,0.6666666666666666,0.0,0.33333333333333337,phi_psi,2264.701887341849,1056.6659931064619,0.4665806122264964,23,2.0,0.3086956521739131,1.2731951683822362,0.36131465435028076,0.01029509399086237,0.3804834485054016,1.3175647258758545,0.4487191438674927,18
structure_81,DRAMP21550,81,GIGKFLHZAKKFGKXFVGEIJNS,structure_81.pdb,1,0.834,0.08132650244538986,0.71,0.92,10.622896194458008,34.398067474365234,34.398067474365234,9.455479621887207,4.8414692878723145,0.6666666666666666,0.0,0.33333333333333337,phi_psi,2355.555716441276,1012.5914210967834,0.4298736871427457,23,3.0999999999999996,-0.043478260869565244,1.5189465150417825,0.36129459738731384,0.010049561969935894,0.38254398107528687,1.2887897491455078,0.4540046453475952,18
structure_82,DRAMP21551,82,GIGKFLHSZKKFGKAXVGEIJNS,structure_82.pdb,1,0.763,0.0957653381970742,0.61,0.89,13.422281265258789,41.364559173583984,41.364559173583984,11.998770713806152,6.015573501586914,0.3888888888888889,0.0,0.6111111111111112,phi_psi,2650.441323436852,1045.61340519542,0.39450539649735133,23,3.0999999999999996,-0.2,1.301861170497711,0.31982651352882385,0.06510990858078003,0.3762194812297821,1.5900205373764038,0.6619816422462463,18
structure_83,DRAMP21552,83,GIGKFLHSAZKFGKAFXGEIJNS,structure_83.pdb,1,0.9225000000000003,0.03238440982942254,0.81,0.95,10.375787734985352,33.7854118347168,33.7854118347168,9.244889259338379,4.710518836975098,0.6666666666666666,0.0,0.33333333333333337,phi_psi,2206.7093435936436,928.3833799286137,0.4207094072555718,23,2.1,-0.013043478260869587,1.4169932829541616,0.36280128359794617,0.009564163163304329,0.3862200677394867,1.2763445377349854,0.47250619530677795,18
structure_84,DRAMP21553,84,GIGKFLHSAKZFGKAFVXEIJNS,structure_84.pdb,1,0.9319999999999998,0.03385262175962151,0.83,0.96,10.2333345413208,33.387489318847656,33.387489318847656,9.130936622619629,4.620296001434326,0.6666666666666666,0.0,0.33333333333333337,phi_psi,2284.7830983800427,1007.8741060991177,0.441124633149519,23,2.1,0.18695652173913044,1.294795835780873,0.36371827125549316,0.00967015977948904,0.3880084455013275,1.2702643871307373,0.518613338470459,18
structure_85,DRAMP21554,85,GIGKFLHSAKKZGKAFVGXIJNS,structure_85.pdb,1,0.9334999999999999,0.03365635155509281,0.81,0.96,10.243244171142578,34.27871322631836,34.27871322631836,9.116308212280273,4.670862674713135,0.6666666666666666,0.0,0.33333333333333337,phi_psi,2216.0003525392226,895.1119156741703,0.40393130562840335,23,4.1,0.03043478260869565,1.4371487802687368,0.3624112010002136,0.017029467970132828,0.38256222009658813,1.3106324672698975,0.6767318248748779,18
structure_86,DRAMP21555,86,GIGKFLHSAKKFZKAFVGEXJNS,structure_86.pdb,1,0.8475000000000001,0.07667300698420533,0.67,0.92,10.28689193725586,34.589412689208984,34.589412689208984,9.131983757019043,4.735717296600342,0.7777777777777778,0.0,0.2222222222222222,phi_psi,2345.7338411690926,966.22073441482,0.41190552715616885,23,3.0999999999999996,-0.17826086956521742,1.3013107387345393,0.3604675531387329,0.016007931903004646,0.3813062906265259,1.2183047533035278,0.5280248522758484,18
structure_87,DRAMP21556,87,GIGKFLHSAKKFGZAFVGEIXNS,structure_87.pdb,1,0.7438095238095238,0.08704001217153443,0.62,0.88,12.072807312011719,37.53408432006836,37.53408432006836,10.9901762008667,4.996870040893555,0.5263157894736842,0.05263157894736842,0.4210526315789474,phi_psi,2544.6953021506492,1184.5034677380372,0.46547948854110516,23,2.1,0.1695652173913043,1.3810360433935036,0.34121859073638916,0.04302019998431206,0.38078072667121887,1.2634925842285156,0.5454024076461792,19
structure_88,DRAMP21557,88,GIGKFLHSAKKFGKZFVGEIJXS,structure_88.pdb,1,0.7355,0.0916228683244527,0.59,0.87,11.99346923828125,40.874874114990234,40.874874114990234,10.551912307739258,5.7009172439575195,0.5,0.05555555555555555,0.4444444444444444,phi_psi,2655.305991696341,1168.126847889698,0.43992174594666605,23,3.0999999999999996,0.07391304347826085,1.3976029014449138,0.3393198251724243,0.04322490468621254,0.39203348755836487,1.2687456607818604,0.5437145233154297,18
structure_89,DRAMP21558,89,KXWKJXK,structure_89.pdb,1,0.7350000000000001,0.020615528128088322,0.7,0.75,6.687127590179443,18.263256072998047,18.263256072998047,5.6734161376953125,3.5397770404815674,0.0,1.0,0.0,phi_psi,1066.5251402338872,261.91054572481386,0.24557371959124874,7,3.0,-1.8,1.0992760102194563,0.1376313865184784,0.0011965557932853699,0.13882793486118317,2.7763311862945557,0.0,2
structure_90,DRAMP21559,90,RXWKJXK,structure_90.pdb,1,0.685,0.03201562118716422,0.64,0.72,4.606088638305664,12.181632041931152,12.181632041931152,4.033506870269775,2.2241573333740234,0.0,0.5,0.5,phi_psi,1032.8170951315594,259.84767545750185,0.2515911836494173,7,3.0,-1.885714285714286,1.1360252184890134,0.2738911211490631,0.05600772053003311,0.3298988342285156,2.851236581802368,0.0,2
structure_91,DRAMP21560,91,KXWRJXK,structure_91.pdb,1,0.65,0.031622776601683784,0.61,0.69,3.8135836124420166,9.771255493164062,9.771255493164062,3.5086264610290527,1.4943090677261353,0.0,0.0,1.0,phi_psi,893.482874219578,209.05327446090678,0.23397569275573027,7,3.0,-1.885714285714286,1.184460951654122,0.33263760805130005,0.0051465630531311035,0.33778417110443115,2.8844196796417236,0.0,2
structure_92,DRAMP21561,92,KXWKJXR,structure_92.pdb,1,0.66,0.014142135623730963,0.64,0.68,5.417740821838379,14.732476234436035,14.732476234436035,4.673515319824219,2.740468978881836,0.0,0.0,1.0,phi_psi,1084.1842210352745,263.18372012997827,0.24274815573193576,7,3.0,-1.8857142857142857,1.1524535280738628,0.2384377121925354,0.024948298931121826,0.2633860111236572,3.083937168121338,0.0,2
structure_93,DRAMP21562,93,RXWRJXK,structure_93.pdb,1,0.7375,0.05402545696243578,0.67,0.8,6.433072090148926,17.250905990600586,17.250905990600586,5.46760368347168,3.3896498680114746,0.0,1.0,0.0,phi_psi,1123.8802422663093,266.2372476583026,0.23689111850692743,7,3.0,-1.9714285714285715,1.2216547119247332,0.20926596224308014,0.06698112189769745,0.2762470841407776,2.7905547618865967,0.0,2
structure_94,DRAMP21563,94,RXWKJXR,structure_94.pdb,1,0.6875,0.024874685927665473,0.65,0.71,6.108040809631348,16.526777267456055,16.526777267456055,5.232218265533447,3.1515164375305176,0.0,0.0,1.0,phi_psi,1065.0775194718542,280.9739184423559,0.2638060735538611,7,3.0,-1.9714285714285715,1.1844609516541218,0.23349231481552124,0.057959236204624176,0.2914515435695648,3.023115396499634,0.0,2
structure_95,DRAMP21564,95,KXWRJXR,structure_95.pdb,1,0.7100000000000001,0.030822070014844865,0.66,0.74,6.3452653884887695,17.376218795776367,17.376218795776367,5.342558860778809,3.4233694076538086,0.0,0.0,1.0,phi_psi,1173.725693785961,271.9102979730432,0.2316642631345756,7,3.0,-1.9714285714285715,1.236946269041136,0.18106073141098022,0.03448814898729324,0.21554887294769287,2.861497640609741,0.0,2
structure_96,DRAMP21565,96,RXWRJXR,structure_96.pdb,1,0.6725,0.032691742076555036,0.62,0.7,5.434329986572266,14.61223316192627,14.61223316192627,4.763189315795898,2.616098165512085,0.0,0.0,1.0,phi_psi,1075.1717079952505,272.955392751557,0.25387144278610685,7,3.0,-2.0571428571428574,1.2697171428683596,0.24925115704536438,0.025257080793380737,0.2745082378387451,2.6557157039642334,0.0,2
structure_97,DRAMP21566,97,IDWKKXLDAXKQIL,structure_97.pdb,1,0.8983333333333334,0.02034425935955619,0.84,0.92,6.939112186431885,20.275556564331055,20.275556564331055,6.374891757965088,2.740809202194214,0.5,0.0,0.5,phi_psi,1722.091483151408,910.892675927088,0.5289455785822509,14,1.0,-0.33571428571428574,0.9339206511150013,0.3595525026321411,0.008938792161643505,0.3736564517021179,1.674439787864685,0.5798805356025696,10
structure_98,DRAMP21567,98,IDWKKXLNAXKQIL,structure_98.pdb,1,0.8975000000000001,0.02520747243709031,0.82,0.92,6.954845428466797,20.315317153930664,20.315317153930664,6.3893609046936035,2.746988296508789,0.5,0.0,0.5,phi_psi,1712.2986110626027,912.5785927750812,0.5329552841304716,14,2.0,-0.33571428571428574,0.9339206511150013,0.35957810282707214,0.008701864629983902,0.3733476996421814,1.676454782485962,0.5726970434188843,10
structure_99,DRAMP21568,99,IDWKKXLDAXKKIL,structure_99.pdb,1,0.9083333333333333,0.02511086528886563,0.83,0.93,6.968059539794922,20.400869369506836,20.400869369506836,6.395465850830078,2.7662010192871094,0.5,0.0,0.5,phi_psi,1758.190192298523,932.2691279172448,0.5302436175567944,14,2.0,-0.3642857142857143,0.9595475825414735,0.35980668663978577,0.00871105957776308,0.372925341129303,1.6838066577911377,0.5718384385108948,10
structure_100,DRAMP21569,100,KXWKAXK,structure_100.pdb,1,0.68,0.046043457732885346,0.6,0.73,5.685599327087402,16.617725372314453,16.617725372314453,4.873159408569336,2.928884267807007,0.0,0.3333333333333333,0.6666666666666667,phi_psi,1133.113169446909,374.04377673414206,0.3301027530345613,7,3.0,-1.5428571428571427,1.1984056117701747,0.2788783311843872,0.08566733449697495,0.3709765374660492,2.4764301776885986,0.03832507133483887,3
structure_101,DRAMP21570,101,KXWKLXK,structure_101.pdb,1,0.734,0.016248076809271934,0.71,0.75,6.033036708831787,17.616931915283203,17.616931915283203,5.119409084320068,3.192049264907837,0.0,0.6666666666666666,0.33333333333333337,phi_psi,1201.502839214912,428.48234981067765,0.3566220035656822,7,3.0,-1.257142857142857,1.3580699170771546,0.23066969215869904,0.06155978888273239,0.29998427629470825,2.5680153369903564,0.0755155086517334,3
structure_102,DRAMP21571,102,KXWKVXK,structure_102.pdb,1,0.716,0.032,0.68,0.77,6.135757923126221,18.13995933532715,18.13995933532715,5.259042739868164,3.1606953144073486,0.0,0.3333333333333333,0.6666666666666667,phi_psi,1181.0914342224557,428.52405759474675,0.36282039237449526,7,3.0,-1.1999999999999997,1.3948409637927128,0.1963813751935959,0.07695949077606201,0.3039398193359375,2.583425521850586,0.1133040189743042,3
structure_103,DRAMP21572,103,KXWKIXK,structure_103.pdb,1,0.75,0.03633180424916993,0.71,0.81,6.109115123748779,17.91766357421875,17.91766357421875,5.186186790466309,3.228738784790039,0.0,0.6666666666666666,0.33333333333333337,phi_psi,1155.9959522826089,405.01147339659644,0.35035717261541277,7,3.0,-1.157142857142857,1.4233016509205185,0.22690720856189728,0.05991066247224808,0.306316614151001,2.780770778656006,0.04021012783050537,3
structure_104,DRAMP21573,104,KXWKFXK,structure_104.pdb,1,0.75,0.04242640687119289,0.69,0.8,5.061488151550293,14.625956535339355,14.625956535339355,4.475893497467041,2.3632688522338867,0.3333333333333333,0.3333333333333333,0.3333333333333334,phi_psi,1231.772750449892,483.95583890552933,0.3928937693489075,7,3.0,-1.4,1.2727359473711708,0.29023346304893494,0.049131978303194046,0.34798771142959595,1.7948410511016846,0.17867201566696167,3
structure_105,DRAMP21574,105,KXWKWXK,structure_105.pdb,1,0.666,0.02332380757938119,0.64,0.7,5.435698509216309,15.778164863586426,15.778164863586426,4.745404243469238,2.6510298252105713,0.0,0.3333333333333333,0.6666666666666667,phi_psi,1300.4534699276942,547.4630841323647,0.4209786023046283,7,3.0,-1.9285714285714286,1.0696333257427895,0.2487308233976364,0.05953849107027054,0.3291389048099518,1.9270596504211426,0.1855958104133606,3
structure_106,DRAMP21575,106,KXWKEXK,structure_106.pdb,1,0.7,0.016733200530681475,0.68,0.72,5.362740516662598,15.338391304016113,15.338391304016113,4.737521171569824,2.512941360473633,0.0,0.3333333333333333,0.6666666666666667,phi_psi,1164.08753885216,263.83480892424944,0.22664516208497673,7,2.0,-2.3,1.0696244388969076,0.2313625067472458,0.10643129795789719,0.3066883683204651,1.5445564985275269,0.830872654914856,3
structure_107,DRAMP21576,107,KXWKKXK,structure_107.pdb,1,0.6899999999999998,0.041472882706655424,0.63,0.73,6.032233238220215,17.829347610473633,17.829347610473633,5.149698734283447,3.1414079666137695,0.0,0.0,1.0,phi_psi,1273.511108498655,292.37019658970024,0.2295780497230025,7,4.0,-2.357142857142857,1.0810103197451795,0.21920132637023926,0.06996623426675797,0.30866655707359314,2.3079652786254883,0.2749598026275635,3
structure_108,DRAMP21578,108,WWVXARAXRR,structure_108.pdb,1,0.6737500000000001,0.036721077053920956,0.61,0.74,5.32289981842041,14.926358222961426,14.926358222961426,4.9313836097717285,2.003676176071167,0.3333333333333333,0.0,0.6666666666666667,phi_psi,1377.8506764529577,770.979849046539,0.5595525423925439,10,3.0,-0.75,1.0474076454001917,0.3498325049877167,0.006906675174832344,0.35802727937698364,1.8084726333618164,0.39479807019233704,6
structure_109,DRAMP21580,109,WWVXAFAXRRR,structure_109.pdb,1,0.7433333333333333,0.03162277660168382,0.69,0.81,7.070484161376953,20.81068229675293,20.81068229675293,6.359495162963867,3.090076208114624,0.14285714285714285,0.0,0.8571428571428572,phi_psi,1690.7623902364553,926.715282194152,0.5481049776985811,11,3.0,-0.4272727272727272,0.32201529925167555,0.3192889094352722,0.01793857291340828,0.34127748012542725,2.1399834156036377,0.6969370245933533,7
structure_110,DRAMP21582,110,KXWKLXK,structure_110.pdb,1,0.734,0.016248076809271934,0.71,0.75,6.033036708831787,17.616931915283203,17.616931915283203,5.119409084320068,3.192049264907837,0.0,0.6666666666666666,0.33333333333333337,phi_psi,1201.502839214912,428.48234981067765,0.3566220035656822,7,3.0,-1.257142857142857,1.3580699170771546,0.23066969215869904,0.06155978888273239,0.29998427629470825,2.5680153369903564,0.0755155086517334,3
structure_111,DRAMP21583,111,KXWKLXKGKXWKLXK,structure_111.pdb,1,0.6636363636363637,0.03523240431832018,0.59,0.71,7.853420257568359,24.40912628173828,24.40912628173828,7.1098103523254395,3.3356852531433105,0.2222222222222222,0.0,0.7777777777777778,phi_psi,1991.7766161806549,784.0560373167228,0.39364657208406983,15,6.0,-1.1999999999999997,0.9943629382196272,0.33958595991134644,0.02772720903158188,0.38169538974761963,1.7466511726379395,0.2769629657268524,9
structure_112,DRAMP21584,112,KXWKLXKAKXWKLXK,structure_112.pdb,1,0.8818181818181817,0.02656661672036813,0.82,0.91,6.693066596984863,21.064529418945312,21.064529418945312,6.055027961730957,2.851976156234741,0.3333333333333333,0.0,0.6666666666666667,phi_psi,1831.3298998932714,765.7016717956135,0.41811236295559745,15,6.0,-1.0533333333333332,0.8681383766650426,0.3578145205974579,0.009132220409810543,0.3754999339580536,1.6035246849060059,0.22253258526325226,9
structure_113,DRAMP21585,113,KXWKLXKBKXWKLXK,structure_113.pdb,1,0.8700000000000001,0.03224903099319423,0.82,0.91,7.080420970916748,21.158187866210938,21.158187866210938,6.573853969573975,2.629981517791748,0.25,0.0,0.75,phi_psi,1896.5715555923005,764.1264018408799,0.4028987989341867,15,6.0,-1.1733333333333331,0.9709857857877391,0.3450954556465149,0.028284169733524323,0.37716245651245117,2.045513391494751,0.6309691071510315,8
structure_114,DRAMP21586,114,KXWKLXKPKXWKLXK,structure_114.pdb,1,0.8,0.060902306270706266,0.64,0.86,11.076519966125488,35.24293518066406,35.24293518066406,9.812154769897461,5.139152526855469,0.1111111111111111,0.5555555555555556,0.33333333333333326,phi_psi,2303.4517236974757,979.7146665433369,0.42532459285524316,15,6.0,-1.2799999999999998,1.0654218677814509,0.2467922568321228,0.08567360788583755,0.3947085738182068,2.1191213130950928,0.714980959892273,9
structure_115,DRAMP21587,115,KXWKLXKPKXWKLXK,structure_115.pdb,1,0.8,0.060902306270706266,0.64,0.86,11.076519966125488,35.24293518066406,35.24293518066406,9.812154769897461,5.139152526855469,0.1111111111111111,0.5555555555555556,0.33333333333333326,phi_psi,2303.4517236974757,979.7146665433369,0.42532459285524316,15,6.0,-1.2799999999999998,1.0654218677814509,0.2467922568321228,0.08567360788583755,0.3947085738182068,2.1191213130950928,0.714980959892273,9
structure_116,DRAMP21588,116,KXWKAXK,structure_116.pdb,1,0.68,0.046043457732885346,0.6,0.73,5.685599327087402,16.617725372314453,16.617725372314453,4.873159408569336,2.928884267807007,0.0,0.3333333333333333,0.6666666666666667,phi_psi,1133.113169446909,374.04377673414206,0.3301027530345613,7,3.0,-1.5428571428571427,1.1984056117701747,0.2788783311843872,0.08566733449697495,0.3709765374660492,2.4764301776885986,0.03832507133483887,3
structure_117,DRAMP21589,117,KXWKAXK,structure_117.pdb,1,0.68,0.046043457732885346,0.6,0.73,5.685599327087402,16.617725372314453,16.617725372314453,4.873159408569336,2.928884267807007,0.0,0.3333333333333333,0.6666666666666667,phi_psi,1133.113169446909,374.04377673414206,0.3301027530345613,7,3.0,-1.5428571428571427,1.1984056117701747,0.2788783311843872,0.08566733449697495,0.3709765374660492,2.4764301776885986,0.03832507133483887,3
structure_118,DRAMP21590,118,KXAKWXK,structure_118.pdb,1,0.6639999999999999,0.02939387691339813,0.62,0.71,5.857240676879883,17.160255432128906,17.160255432128906,5.040053844451904,2.984145164489746,0.0,0.6666666666666666,0.33333333333333337,phi_psi,1135.084971226379,367.9698466304328,0.32417823859729855,7,3.0,-1.542857142857143,1.1984056117701747,0.2443488985300064,0.08826646953821182,0.36683720350265503,2.765839099884033,0.3272519111633301,3
structure_119,DRAMP21591,119,KXAKWXK,structure_119.pdb,1,0.6639999999999999,0.02939387691339813,0.62,0.71,5.857240676879883,17.160255432128906,17.160255432128906,5.040053844451904,2.984145164489746,0.0,0.6666666666666666,0.33333333333333337,phi_psi,1135.084971226379,367.9698466304328,0.32417823859729855,7,3.0,-1.542857142857143,1.1984056117701747,0.2443488985300064,0.08826646953821182,0.36683720350265503,2.765839099884033,0.3272519111633301,3
structure_120,DRAMP21592,120,KXWKLXK,structure_120.pdb,1,0.734,0.016248076809271934,0.71,0.75,6.033036708831787,17.616931915283203,17.616931915283203,5.119409084320068,3.192049264907837,0.0,0.6666666666666666,0.33333333333333337,phi_psi,1201.502839214912,428.48234981067765,0.3566220035656822,7,3.0,-1.257142857142857,1.3580699170771546,0.23066969215869904,0.06155978888273239,0.29998427629470825,2.5680153369903564,0.0755155086517334,3
structure_121,DRAMP21593,121,KXWKLXK,structure_121.pdb,1,0.734,0.016248076809271934,0.71,0.75,6.033036708831787,17.616931915283203,17.616931915283203,5.119409084320068,3.192049264907837,0.0,0.6666666666666666,0.33333333333333337,phi_psi,1201.502839214912,428.48234981067765,0.3566220035656822,7,3.0,-1.257142857142857,1.3580699170771546,0.23066969215869904,0.06155978888273239,0.29998427629470825,2.5680153369903564,0.0755155086517334,3
structure_122,DRAMP21594,122,KXLKWXK,structure_122.pdb,1,0.704,0.0272763633939717,0.66,0.74,5.62645149230957,16.410825729370117,16.410825729370117,4.884455680847168,2.7926783561706543,0.3333333333333333,0.3333333333333333,0.3333333333333334,phi_psi,1197.8059386438736,444.9780862860702,0.3714943063229954,7,3.0,-1.2571428571428573,1.3580699170771549,0.24783045053482056,0.056349873542785645,0.32739993929862976,2.1524572372436523,0.34831321239471436,3
structure_123,DRAMP21595,123,KXLKWXK,structure_123.pdb,1,0.704,0.0272763633939717,0.66,0.74,5.62645149230957,16.410825729370117,16.410825729370117,4.884455680847168,2.7926783561706543,0.3333333333333333,0.3333333333333333,0.3333333333333334,phi_psi,1197.8059386438736,444.9780862860702,0.3714943063229954,7,3.0,-1.2571428571428573,1.3580699170771549,0.24783045053482056,0.056349873542785645,0.32739993929862976,2.1524572372436523,0.34831321239471436,3
structure_124,DRAMP21597,124,KXAKAXKKAAKAAWK,structure_124.pdb,1,0.9107692307692308,0.02525608486058772,0.85,0.93,6.752959728240967,21.01750946044922,21.01750946044922,6.132708549499512,2.8270750045776367,0.7272727272727273,0.0,0.2727272727272727,phi_psi,1734.8991406479336,711.6169928483196,0.41017773089826515,15,6.0,-0.8999999999999999,1.511085432612491,0.3632868230342865,0.008074400946497917,0.37631523609161377,1.1741046905517578,0.39367181062698364,11
structure_125,DRAMP21598,125,KXAKAXKKXAKAXWK,structure_125.pdb,1,0.9027272727272727,0.024155145919248062,0.85,0.93,6.999648094177246,21.139137268066406,21.139137268066406,6.359070301055908,2.925286054611206,0.2222222222222222,0.0,0.7777777777777778,phi_psi,1696.6474226570895,633.7450162748748,0.37352782187496447,15,6.0,-1.14,1.3024491645900416,0.3542986810207367,0.00701805017888546,0.36974841356277466,1.7895894050598145,0.28888019919395447,9
structure_126,DRAMP21599,126,KXAKAXKKXAKWXAK,structure_126.pdb,1,0.8954545454545454,0.021046976186891338,0.85,0.92,6.878176689147949,21.089069366455078,21.089069366455078,6.254709243774414,2.861455202102661,0.2222222222222222,0.0,0.7777777777777778,phi_psi,1698.0431066093734,636.5909096615383,0.37489678983042624,15,6.0,-1.14,1.374250132755288,0.35814809799194336,0.006750200409442186,0.3718869388103485,1.7777856588363647,0.2983051836490631,9
structure_127,DRAMP21600,127,KXAKWXKKXAKAXAK,structure_127.pdb,1,0.8827272727272728,0.03164890033732584,0.81,0.92,6.881101131439209,21.20283317565918,21.20283317565918,6.2491230964660645,2.880627155303955,0.2222222222222222,0.0,0.7777777777777778,phi_psi,1658.604117922885,609.003516428864,0.3671783458439351,15,6.0,-1.1399999999999997,1.3153148396363243,0.3572620451450348,0.00546461995691061,0.368218332529068,1.7875332832336426,0.3088180124759674,9
structure_128,DRAMP21601,128,KXWKAXKKXAKAXAK,structure_128.pdb,1,0.8863636363636364,0.02804954294643914,0.82,0.91,6.882362365722656,21.11664581298828,21.11664581298828,6.259637832641602,2.860740900039673,0.2222222222222222,0.0,0.7777777777777778,phi_psi,1693.6542514068262,624.4073735279454,0.3686746412435031,15,6.0,-1.1399999999999997,1.240106256064738,0.3569607734680176,0.007051496300846338,0.3723437786102295,1.773577094078064,0.2998702824115753,9
structure_129,DRAMP21602,129,KXAKWXKKXAKAXAK,structure_129.pdb,1,0.8827272727272728,0.03164890033732584,0.81,0.92,6.881101131439209,21.20283317565918,21.20283317565918,6.2491230964660645,2.880627155303955,0.2222222222222222,0.0,0.7777777777777778,phi_psi,1658.604117922885,609.003516428864,0.3671783458439351,15,6.0,-1.1399999999999997,1.3153148396363243,0.3572620451450348,0.00546461995691061,0.368218332529068,1.7875332832336426,0.3088180124759674,9
structure_130,DRAMP21603,130,KXAKWXKKXAKAXAK,structure_130.pdb,1,0.8827272727272728,0.03164890033732584,0.81,0.92,6.881101131439209,21.20283317565918,21.20283317565918,6.2491230964660645,2.880627155303955,0.2222222222222222,0.0,0.7777777777777778,phi_psi,1658.604117922885,609.003516428864,0.3671783458439351,15,6.0,-1.1399999999999997,1.3153148396363243,0.3572620451450348,0.00546461995691061,0.368218332529068,1.7875332832336426,0.3088180124759674,9
structure_131,DRAMP21605,131,KXWKAXK,structure_131.pdb,1,0.68,0.046043457732885346,0.6,0.73,5.685599327087402,16.617725372314453,16.617725372314453,4.873159408569336,2.928884267807007,0.0,0.3333333333333333,0.6666666666666667,phi_psi,1133.113169446909,374.04377673414206,0.3301027530345613,7,3.0,-1.5428571428571427,1.1984056117701747,0.2788783311843872,0.08566733449697495,0.3709765374660492,2.4764301776885986,0.03832507133483887,3
structure_132,DRAMP21607,132,KXAKWXK,structure_132.pdb,1,0.6639999999999999,0.02939387691339813,0.62,0.71,5.857240676879883,17.160255432128906,17.160255432128906,5.040053844451904,2.984145164489746,0.0,0.6666666666666666,0.33333333333333337,phi_psi,1135.084971226379,367.9698466304328,0.32417823859729855,7,3.0,-1.542857142857143,1.1984056117701747,0.2443488985300064,0.08826646953821182,0.36683720350265503,2.765839099884033,0.3272519111633301,3
structure_133,DRAMP21609,133,KXWKLXK,structure_133.pdb,1,0.734,0.016248076809271934,0.71,0.75,6.033036708831787,17.616931915283203,17.616931915283203,5.119409084320068,3.192049264907837,0.0,0.6666666666666666,0.33333333333333337,phi_psi,1201.502839214912,428.48234981067765,0.3566220035656822,7,3.0,-1.257142857142857,1.3580699170771546,0.23066969215869904,0.06155978888273239,0.29998427629470825,2.5680153369903564,0.0755155086517334,3
structure_134,DRAMP21611,134,KXLKWXK,structure_134.pdb,1,0.704,0.0272763633939717,0.66,0.74,5.62645149230957,16.410825729370117,16.410825729370117,4.884455680847168,2.7926783561706543,0.3333333333333333,0.3333333333333333,0.3333333333333334,phi_psi,1197.8059386438736,444.9780862860702,0.3714943063229954,7,3.0,-1.2571428571428573,1.3580699170771549,0.24783045053482056,0.056349873542785645,0.32739993929862976,2.1524572372436523,0.34831321239471436,3
structure_135,DRAMP21613,135,KXWAKXA,structure_135.pdb,1,0.6719999999999999,0.035440090293338694,0.61,0.71,6.026023864746094,17.605648040771484,17.605648040771484,5.1730475425720215,3.0907187461853027,0.0,0.3333333333333333,0.6666666666666667,phi_psi,1073.3171504536126,580.7540136948899,0.5410833260695105,7,2.0,-0.7285714285714286,1.1497269283071787,0.1986684948205948,0.045715801417827606,0.25185802578926086,2.2784762382507324,0.27848732471466064,3
structure_136,DRAMP21615,136,KXAWKXA,structure_136.pdb,1,0.68,0.017888543819998284,0.66,0.7,4.896831512451172,13.585704803466797,13.585704803466797,4.459603309631348,2.0225958824157715,0.3333333333333333,0.0,0.6666666666666667,phi_psi,1001.2578994042872,528.1826524952007,0.5275190865504787,7,2.0,-0.7285714285714285,1.5240286503481073,0.26847752928733826,0.060404643416404724,0.3376917243003845,1.5500258207321167,0.37481820583343506,3
structure_138,DRAMP21619,138,PLIKLRLDRGQF,structure_138.pdb,1,0.7091666666666666,0.04698551786336816,0.65,0.79,9.074745178222656,27.608001708984375,27.608001708984375,8.121220588684082,4.049294471740723,0.0,0.4,0.6,phi_psi,1935.8858858822946,1033.406030656772,0.5338155715649475,12,2.0,-0.26666666666666666,0.5318004295925421,0.3352673351764679,0.020046129822731018,0.382125586271286,2.2214300632476807,0.7106776237487793,10
structure_139,DRAMP21621,139,AAKLLPDLLAAP,structure_139.pdb,1,0.6741666666666668,0.0396775195237247,0.61,0.73,7.404695510864258,24.16374969482422,24.16374969482422,6.584848880767822,3.3866326808929443,0.4,0.1,0.5,phi_psi,1509.4289962536102,1183.0369345882295,0.7837645477359433,12,0.0,0.9833333333333335,1.2367327309171816,0.33549976348876953,0.032308317720890045,0.37887024879455566,1.4279736280441284,0.7040146589279175,10
structure_140,DRAMP21623,140,KLALKALKKLKADLKLA,structure_140.pdb,1,0.9058823529411765,0.0230239832832717,0.84,0.93,7.686672210693359,24.588537216186523,24.588537216186523,6.950176239013672,3.283287525177002,1.0,0.0,0.0,phi_psi,2018.3869740980629,1000.3396998362371,0.49561343422920634,17,5.0,0.18235294117647052,1.2805894688477157,0.3708386719226837,0.00682734465226531,0.3858392536640167,0.8832316398620605,0.044277969747781754,15
structure_141,DRAMP21624,141,XLAAJRHX,structure_141.pdb,1,0.6679999999999999,0.013266499161421575,0.65,0.69,5.099152088165283,13.28295612335205,13.28295612335205,4.758551597595215,1.8323595523834229,0.0,0.0,1.0,phi_psi,922.0360935649305,436.33567799338016,0.47323058287918646,8,1.1,-0.03749999999999998,0.4844916721269163,0.2581569254398346,0.06259533762931824,0.3459297716617584,2.135941505432129,0.32208573818206787,3
structure_142,DRAMP21625,142,ZLAAIRHX,structure_142.pdb,1,0.665,0.011180339887498959,0.65,0.68,4.4473876953125,12.467775344848633,12.467775344848633,4.160733699798584,1.5708441734313965,0.0,0.0,1.0,phi_psi,956.7731359250149,517.9812979632051,0.5413836138515921,8,1.1,0.525,1.034050268379383,0.35409867763519287,0.03959593549370766,0.4038849174976349,2.081979513168335,0.5440936088562012,4
structure_143,DRAMP21628,143,TLKQFXKGVXKWLVK,structure_143.pdb,1,0.8653846153846154,0.05812657073019252,0.69,0.91,7.531636714935303,22.858074188232422,22.858074188232422,6.902401924133301,3.013702630996704,0.5454545454545454,0.0,0.4545454545454546,phi_psi,1865.7356675912197,827.3945090349239,0.4434682379756085,15,4.0,-0.15333333333333335,1.6417770149469413,0.3551636338233948,0.00786559097468853,0.3723031282424927,1.4179508686065674,0.4571691155433655,11
structure_144,DRAMP21629,144,TLKQFXKGWXKDLVK,structure_144.pdb,1,0.8438461538461539,0.03793485540288601,0.72,0.88,7.341065406799316,21.85714340209961,21.85714340209961,6.714118480682373,2.968477487564087,0.6363636363636364,0.0,0.36363636363636365,phi_psi,1821.697437525358,738.0989601571604,0.4051709932467235,15,3.0,-0.6666666666666666,1.3288203152869784,0.35974523425102234,0.011641256511211395,0.3830567002296448,1.3740637302398682,0.4084424078464508,11
structure_145,DRAMP21630,145,TLKQWXKGVXKDLVK,structure_145.pdb,1,0.8769230769230771,0.03624375073658384,0.76,0.91,7.2841105461120605,21.568208694458008,21.568208694458008,6.668352127075195,2.9311017990112305,0.6363636363636364,0.0,0.36363636363636365,phi_psi,1795.9976765217789,695.8056083502145,0.3874201049623557,15,3.0,-0.5733333333333331,1.543070295016041,0.3600546717643738,0.010039170272648335,0.37917041778564453,1.3802708387374878,0.42870405316352844,11
structure_146,DRAMP28986,146,XIKKXLKSAKKFVKAFK,structure_146.pdb,1,0.9213333333333333,0.028252826800556134,0.82,0.94,7.339944362640381,22.913063049316406,22.913063049316406,6.609474182128906,3.192121744155884,0.8461538461538461,0.0,0.15384615384615385,phi_psi,2051.8184836486507,868.868294716772,0.42346255365226315,17,7.0,-0.3764705882352941,1.8029031673269202,0.3659701943397522,0.009018818847835064,0.3819812536239624,1.0866400003433228,0.3573268949985504,13
structure_147,DRAMP28987,147,GIKKXLKSXKKFVKAFK,structure_147.pdb,1,0.914,0.03282275633357645,0.8,0.94,8.019246101379395,24.93986701965332,24.93986701965332,7.297875881195068,3.324049711227417,0.6923076923076923,0.0,0.3076923076923077,phi_psi,1999.1040543195172,733.6181945199395,0.3669734914172132,17,7.0,-0.5058823529411766,1.6906452481094134,0.36282095313072205,0.010675615631043911,0.38130804896354675,1.2851499319076538,0.42073187232017517,13
structure_148,DRAMP28988,148,GIKKFLKXAKKXVKAFK,structure_148.pdb,1,0.9246666666666666,0.026549743668986502,0.83,0.94,8.124053001403809,25.023828506469727,25.023828506469727,7.395606994628906,3.362328052520752,0.6923076923076923,0.0,0.3076923076923077,phi_psi,2048.234780944106,845.4944306838335,0.4127917553934487,17,7.0,-0.35294117647058815,1.8301701527340442,0.36143067479133606,0.012031271122395992,0.37787172198295593,1.2839863300323486,0.4321288466453552,13
structure_149,DRAMP28989,149,GIKKFLKSXKKFXKAFK,structure_149.pdb,1,0.9106666666666668,0.03255081497528988,0.8,0.93,8.011970520019531,24.910615921020508,24.910615921020508,7.29110050201416,3.3213741779327393,0.6923076923076923,0.0,0.3076923076923077,phi_psi,2026.978287527835,759.1834953579454,0.37453953011202157,17,7.0,-0.5882352941176472,1.7184127912700462,0.3630097806453705,0.010073048993945122,0.3794558644294739,1.2782288789749146,0.4378110468387604,13
structure_150,DRAMP28990,150,GIKKFLKSAKKXVKAXK,structure_150.pdb,1,0.9266666666666665,0.026997942308422115,0.83,0.94,7.604747772216797,25.225217819213867,25.225217819213867,6.804190635681152,3.396348237991333,0.7692307692307693,0.0,0.23076923076923073,phi_psi,1955.7163601276197,644.3082320150816,0.32944871002308196,17,7.0,-0.5647058823529411,1.6644973247338912,0.3642965853214264,0.01056667510420084,0.3774424195289612,1.138887882232666,0.39914074540138245,13
structure_151,DRAMP28991,151,GIKKZLKSAKKXVKAFK,structure_151.pdb,1,0.9279999999999998,0.02712931993250106,0.84,0.95,7.963082790374756,24.79633140563965,24.79633140563965,7.159865856170654,3.4852559566497803,0.6923076923076923,0.0,0.3076923076923077,phi_psi,1936.557596090744,692.0813884894604,0.3573771262401589,17,7.0,-0.5647058823529412,1.6833964940996307,0.36318057775497437,0.009550834074616432,0.3758210241794586,1.2859991788864136,0.42985183000564575,13
structure_152,DRAMP28992,152,GIKKFLKZAKKFVKXFK,structure_152.pdb,1,0.9193333333333334,0.026449112566503168,0.83,0.94,7.896999359130859,25.263811111450195,25.263811111450195,7.136803150177002,3.3806285858154297,0.6923076923076923,0.0,0.3076923076923077,phi_psi,2077.7778784354937,850.6475725471463,0.40940255518922897,17,7.0,-0.29411764705882354,1.9738012714516662,0.36221835017204285,0.009342371486127377,0.37750744819641113,1.2502361536026,0.48664578795433044,13
structure_153,DRAMP28993,153,GIKKFLKSZKKFVKAXK,structure_153.pdb,1,0.9186666666666666,0.03343982987729187,0.8,0.94,7.705078601837158,25.211381912231445,25.211381912231445,7.015212059020996,3.1866962909698486,0.7692307692307693,0.0,0.23076923076923073,phi_psi,2081.6747853612296,771.4317357338314,0.3705822548068987,17,7.0,-0.5058823529411764,1.6764507341278339,0.3645971715450287,0.009802283719182014,0.3782074749469757,1.1348791122436523,0.3881327211856842,13
structure_154,DRAMP28994,154,XIKKXLKSAKKFVKAFK,structure_154.pdb,1,0.9213333333333333,0.028252826800556134,0.82,0.94,7.339944362640381,22.913063049316406,22.913063049316406,6.609474182128906,3.192121744155884,0.8461538461538461,0.0,0.15384615384615385,phi_psi,2051.8184836486507,868.868294716772,0.42346255365226315,17,7.0,-0.3764705882352941,1.8029031673269202,0.3659701943397522,0.009018818847835064,0.3819812536239624,1.0866400003433228,0.3573268949985504,13
structure_155,DRAMP28995,155,XIKKXLKSAKKFVKAFK,structure_155.pdb,1,0.9213333333333333,0.028252826800556134,0.82,0.94,7.339944362640381,22.913063049316406,22.913063049316406,6.609474182128906,3.192121744155884,0.8461538461538461,0.0,0.15384615384615385,phi_psi,2051.8184836486507,868.868294716772,0.42346255365226315,17,7.0,-0.3764705882352941,1.8029031673269202,0.3659701943397522,0.009018818847835064,0.3819812536239624,1.0866400003433228,0.3573268949985504,13
structure_156,DRAMP28996,156,XIKKXLKSAKKFVKAFK,structure_156.pdb,1,0.9213333333333333,0.028252826800556134,0.82,0.94,7.339944362640381,22.913063049316406,22.913063049316406,6.609474182128906,3.192121744155884,0.8461538461538461,0.0,0.15384615384615385,phi_psi,2051.8184836486507,868.868294716772,0.42346255365226315,17,7.0,-0.3764705882352941,1.8029031673269202,0.3659701943397522,0.009018818847835064,0.3819812536239624,1.0866400003433228,0.3573268949985504,13
structure_157,DRAMP28998,157,RXWWRXW,structure_157.pdb,1,0.6060000000000001,0.04923413450036469,0.53,0.66,5.611701965332031,16.331462860107422,16.331462860107422,4.875396728515625,2.7787961959838867,0.0,0.0,1.0,phi_psi,1303.6866462903215,799.2990197391991,0.6131067016860439,7,2.0,-1.6714285714285715,1.0250276349898484,0.2358662486076355,0.031989455223083496,0.2806164026260376,1.7660903930664062,0.27673524618148804,3
structure_158,DRAMP29000,158,WXKWWXK,structure_158.pdb,1,0.668,0.06615134163416492,0.57,0.76,5.852932453155518,17.15530014038086,17.15530014038086,4.987813472747803,3.062439203262329,0.0,0.3333333333333333,0.6666666666666667,phi_psi,1284.4003461580805,788.4559760581521,0.6138708841184873,7,2.0,-1.5,0.867953458602929,0.25187644362449646,0.06733857095241547,0.3463767170906067,2.9351248741149902,0.12304484844207764,3
structure_159,DRAMP29002,159,LXLRLXR,structure_159.pdb,1,0.7939999999999999,0.01200000000000001,0.78,0.81,6.53564453125,19.45653533935547,19.45653533935547,5.447731971740723,3.610661029815674,0.0,1.0,0.0,phi_psi,1180.9339524659165,619.9002436451756,0.5249237202053151,7,2.0,0.3428571428571428,1.3532502126913428,0.1996604949235916,0.06678730994462967,0.29257524013519287,3.102078914642334,0.010602116584777832,3
structure_160,DRAMP29004,160,WXRRWXR,structure_160.pdb,1,0.734,0.022449944320643667,0.71,0.77,5.990097522735596,17.760286331176758,17.760286331176758,5.082772731781006,3.169651508331299,0.0,0.0,1.0,phi_psi,1340.3647028218704,558.4032030264077,0.4166054222785793,7,3.0,-2.185714285714286,1.3062796511581338,0.2319134920835495,0.07878881692886353,0.34306976199150085,2.9186692237854004,0.20872926712036133,3
structure_161,DRAMP29007,161,GXFAVXKKVASVIKGL,structure_161.pdb,1,0.9335714285714285,0.014931817828833452,0.9,0.95,7.27305793762207,23.500518798828125,23.500518798828125,6.551898956298828,3.1575305461883545,0.75,0.0,0.25,phi_psi,1619.4774412452743,892.5876962424933,0.5511578448145289,16,3.0,0.875,1.3541780570729918,0.3629962205886841,0.0075723277404904366,0.3824036717414856,1.1683729887008667,0.38665831089019775,12
structure_162,DRAMP29008,162,GLFAXIKKXASVIKGL,structure_162.pdb,1,0.9385714285714285,0.014568627181693643,0.9,0.95,7.66154670715332,23.11549949645996,23.11549949645996,7.012202262878418,3.0867979526519775,0.6666666666666666,0.0,0.33333333333333337,phi_psi,1694.5213938110696,955.7545310557563,0.5640262404160109,16,3.0,0.8687499999999999,1.3321654530432925,0.36036327481269836,0.009303824044764042,0.38016748428344727,1.3193984031677246,0.4407901465892792,12
structure_163,DRAMP29009,163,GLFAVXKKVXSVIKGL,structure_163.pdb,1,0.9328571428571427,0.01708322963300197,0.89,0.95,7.751805305480957,23.500104904174805,23.500104904174805,7.093369007110596,3.1264374256134033,0.6666666666666666,0.0,0.33333333333333337,phi_psi,1689.971802161994,978.1037709279116,0.5787692845978943,16,3.0,0.9999999999999999,1.5978574496412725,0.3624305725097656,0.011389415711164474,0.38495945930480957,1.342028021812439,0.44183653593063354,12
structure_164,DRAMP29010,164,GLFAVIKKXASVXKGL,structure_164.pdb,1,0.9399999999999998,0.015118578920369061,0.9,0.96,7.557152271270752,23.04047393798828,23.04047393798828,6.87729024887085,3.1326379776000977,0.6666666666666666,0.0,0.33333333333333337,phi_psi,1612.1729116000427,900.4530001763912,0.5585337612965556,16,3.0,0.85,1.2434451691346915,0.36170873045921326,0.010338911786675453,0.38527944684028625,1.3351515531539917,0.47568097710609436,12
structure_165,DRAMP29011,165,GLFAVIKKVAXVIKXL,structure_165.pdb,1,0.9471428571428572,0.012777531299998786,0.91,0.96,7.202573776245117,23.390226364135742,23.390226364135742,6.48148250579834,3.141251564025879,0.75,0.0,0.25,phi_psi,1678.4641231391531,1093.8292623401721,0.6516846248071327,16,3.0,1.46875,1.6755155014989596,0.36436960101127625,0.00982110109180212,0.3821849524974823,1.165185809135437,0.41895726323127747,12
structure_166,DRAMP29012,166,GZFAVIKKXASVIKGL,structure_166.pdb,1,0.9335714285714285,0.016736249305514234,0.89,0.95,7.368399620056152,23.439245223999023,23.439245223999023,6.7464399337768555,2.9629154205322266,0.75,0.0,0.25,phi_psi,1636.482932544639,933.9721224629026,0.5707191342415215,16,3.0,0.8937499999999999,1.2478244333958344,0.3621789515018463,0.009260742925107479,0.3821738064289093,1.1650160551071167,0.3989112079143524,12
structure_167,DRAMP29013,167,GLFAVZKKVASVXKGL,structure_167.pdb,1,0.9242857142857143,0.02498979383505127,0.86,0.95,7.580399990081787,23.37265396118164,23.37265396118164,6.8380560874938965,3.271613597869873,0.6666666666666666,0.0,0.33333333333333337,phi_psi,1671.9543661697971,961.6139532130784,0.5751436598212877,16,3.0,0.8312499999999999,1.368673998984985,0.35975828766822815,0.009164300747215748,0.3829161524772644,1.3423099517822266,0.4735744297504425,12
structure_168,DRAMP29015,168,IKLSPXTKDXLKKVLKGAIKGAIAVAKMV,structure_168.pdb,1,0.945925925925926,0.027251810576514282,0.85,0.97,12.591870307922363,38.44043731689453,39.182003021240234,11.144444465637207,5.861447334289551,0.72,0.08,0.2,phi_psi,2910.2891119916894,1557.7452586995712,0.5352544708637248,29,6.0,0.410344827586207,1.3558516653956931,0.35605475306510925,0.030005909502506256,0.3826809525489807,1.2082875967025757,0.515433132648468,25
structure_169,DRAMP29016,169,IKLSPETKDNLKKVLKGXIKGXIAVAKMV,structure_169.pdb,1,0.9233333333333333,0.02748737083745105,0.83,0.95,12.76250171661377,36.907405853271484,38.38564682006836,11.404984474182129,5.727807521820068,0.72,0.08,0.2,phi_psi,2970.2574787579615,1420.4722115948684,0.4782320124613746,29,5.0,0.04482758620689653,1.3279699166612848,0.3556996285915375,0.02902206778526306,0.38063111901283264,1.2622026205062866,0.5453191995620728,25
structure_170,DRAMP29017,170,IKLSPXTKDXLKKVLKGXIKGXIAVAKMV,structure_170.pdb,1,0.9259999999999999,0.029933259094191512,0.83,0.96,12.781471252441406,36.454769134521484,38.268856048583984,11.410989761352539,5.758065700531006,0.5217391304347826,0.08695652173913043,0.391304347826087,phi_psi,2944.9153817948086,1505.5789116247824,0.5112469176303436,29,6.0,0.28620689655172415,1.2416928120710833,0.35163426399230957,0.029828250408172607,0.3801589906215668,1.4620003700256348,0.5450997948646545,23
structure_171,DRAMP29019,171,IKLSKXTKDXLKKVLKGAIKGAIAVAKMV,structure_171.pdb,1,0.9440740740740742,0.03033873691299612,0.84,0.97,12.57481861114502,37.98289489746094,39.12297058105469,11.139232635498047,5.834685802459717,0.72,0.12,0.16000000000000003,phi_psi,3011.8669184105906,1460.419283778037,0.4848883842944572,29,7.0,0.33103448275862074,1.4095044900376716,0.35557761788368225,0.032254889607429504,0.3816596269607544,1.2114254236221313,0.5392328500747681,25
structure_172,DRAMP29020,172,IKLSPXTKKXLKKVLKGAIKGAIAVAKMV,structure_172.pdb,1,0.942962962962963,0.02954153570756927,0.84,0.97,12.46274185180664,36.775001525878906,38.4139404296875,11.068863868713379,5.727147102355957,0.72,0.08,0.2,phi_psi,2986.0687627251023,1534.4456493505927,0.5138681561874849,29,8.0,0.39655172413793105,1.3694893753328188,0.3560279905796051,0.02967187948524952,0.3842374086380005,1.213279366493225,0.5427832007408142,25
structure_173,DRAMP29021,173,IKLSKXTKKXLKKVLKGAIKGAIAVAKMV,structure_173.pdb,1,0.9403703703703704,0.03426276258363918,0.83,0.97,12.512476921081543,37.112342834472656,38.707340240478516,11.104643821716309,5.766193866729736,0.72,0.08,0.2,phi_psi,3060.1408196212124,1414.433417063397,0.4622118720792977,29,9.0,0.31724137931034485,1.4232168931321694,0.35574543476104736,0.03106796182692051,0.38177689909935,1.2142634391784668,0.5487666726112366,25
structure_174,DRAMP29022,174,IKLSKKTKKNLKKVLKGXIKGXIAVAKMV,structure_174.pdb,1,0.9222222222222223,0.028846122190549252,0.82,0.95,12.782960891723633,37.46220016479492,38.67601013183594,11.40839958190918,5.76649808883667,0.72,0.12,0.16000000000000003,phi_psi,3208.227806692618,1359.682330916053,0.4238110299024426,29,10.0,-0.06206896551724137,1.395820546218595,0.3558187484741211,0.028415711596608162,0.3795512318611145,1.2553268671035767,0.541593611240387,25
structure_175,DRAMP29023,175,IKLSKETKKNLKKVLKGXIKGXIAVAKMV,structure_175.pdb,1,0.9203703703703704,0.02999771367602456,0.82,0.95,12.771647453308105,36.99089813232422,38.41067886352539,11.412871360778809,5.732481002807617,0.72,0.08,0.2,phi_psi,3183.7499241693554,1355.568377637065,0.4257772783428443,29,8.0,-0.048275862068965496,1.386195620064705,0.355566143989563,0.028442904353141785,0.37985697388648987,1.2591885328292847,0.5475595593452454,25
structure_176,DRAMP29024,176,IKLSPXTKKXLKKVLKGXIKGXIAVAKMV,structure_176.pdb,1,0.9264,0.027695486996982002,0.83,0.95,12.751052856445312,36.18242645263672,38.064517974853516,11.395106315612793,5.7219648361206055,0.5217391304347826,0.08695652173913043,0.391304347826087,phi_psi,2976.36330231029,1490.745328990551,0.5008613457347146,29,8.0,0.27241379310344827,1.2553662992407095,0.3516026735305786,0.02943851612508297,0.3810473680496216,1.460121989250183,0.5472382307052612,23
structure_177,DRAMP29025,177,IKLSKXTKKXLKKVLKGXIKGXIAVAKMV,structure_177.pdb,1,0.9243999999999999,0.029268413007882733,0.82,0.95,12.840349197387695,37.20045852661133,38.5517692565918,11.452160835266113,5.807114124298096,0.5217391304347826,0.08695652173913043,0.391304347826087,phi_psi,3045.806486325119,1375.9975640439407,0.45176788815107355,29,9.0,0.19310344827586212,1.3102435080950419,0.35135820508003235,0.02914869412779808,0.3792973756790161,1.4545477628707886,0.5345820784568787,23
structure_178,DRAMP29026,178,IKLSKETKKNLKKVLKGXIKGXIAVAKMV,structure_178.pdb,1,0.9203703703703704,0.02999771367602456,0.82,0.95,12.771647453308105,36.99089813232422,38.41067886352539,11.412871360778809,5.732481002807617,0.72,0.08,0.2,phi_psi,3183.7499241693554,1355.568377637065,0.4257772783428443,29,8.0,-0.048275862068965496,1.386195620064705,0.355566143989563,0.028442904353141785,0.37985697388648987,1.2591885328292847,0.5475595593452454,25
structure_179,DRAMP29027,179,IKLSKKTKKNLKKVLKGXIKGXIAVAKMV,structure_179.pdb,1,0.9222222222222223,0.028846122190549252,0.82,0.95,12.782960891723633,37.46220016479492,38.67601013183594,11.40839958190918,5.76649808883667,0.72,0.12,0.16000000000000003,phi_psi,3208.227806692618,1359.682330916053,0.4238110299024426,29,10.0,-0.06206896551724137,1.395820546218595,0.3558187484741211,0.028415711596608162,0.3795512318611145,1.2553268671035767,0.541593611240387,25
structure_180,DRAMP29032,180,KLLKKAGKLLKKZGKLLKKXG,structure_180.pdb,1,0.9294736842105263,0.04109983790600975,0.76,0.95,9.297924041748047,30.575790405273438,30.575790405273438,8.336703300476074,4.117128849029541,0.8235294117647058,0.0,0.17647058823529416,phi_psi,2421.4326901394543,883.9734743190913,0.3650621708044182,21,9.0,-0.5571428571428572,1.9198811825689646,0.3664211630821228,0.00860857218503952,0.3809978663921356,1.0734529495239258,0.36487331986427307,17
structure_181,DRAMP29033,181,KLLKKZGKLLKKXGKLLKKAG,structure_181.pdb,1,0.938421052631579,0.03896869970613213,0.78,0.96,9.706565856933594,30.481182098388672,30.481182098388672,8.723630905151367,4.256249904632568,0.7647058823529411,0.0,0.23529411764705888,phi_psi,2472.2372447635057,944.599904215326,0.3820830327736958,21,9.0,-0.5571428571428572,1.8968459501807466,0.3649460971355438,0.009279579855501652,0.3813936114311218,1.190447211265564,0.43782249093055725,17
structure_182,DRAMP29235,182,TIEEQAKTXLDKXNHEAEDLFYQXSLAXWN,structure_182.pdb,1,0.9111538461538461,0.025619542282124447,0.81,0.93,13.249856948852539,43.93642807006836,43.93642807006836,11.671354293823242,6.272017478942871,0.6666666666666666,0.0,0.33333333333333337,phi_psi,3044.1732602691122,1047.3078797418016,0.3440368829891164,30,-3.9,-0.8766666666666667,1.0335020944930444,0.36377644538879395,0.0100376196205616,0.38898319005966187,1.2700268030166626,0.460313618183136,24
structure_183,DRAMP29236,183,TIEEQZKTFLDKXNHEAEDLZYQSSLAXWN,structure_183.pdb,1,0.9057692307692308,0.023562205219225547,0.8,0.92,13.18547248840332,43.94073486328125,43.94073486328125,11.637392044067383,6.199015140533447,0.6666666666666666,0.0,0.33333333333333337,phi_psi,3050.6291326412743,994.5841387320426,0.3260259098984342,30,-3.9,-0.9633333333333333,0.9697651624271232,0.36351385712623596,0.010087375529110432,0.38504844903945923,1.2542577981948853,0.43953484296798706,24
structure_184,DRAMP29237,184,TIEEQAKTXLDKXNHEAEDLZYQSSLAXWN,structure_184.pdb,1,0.9096153846153846,0.03131487349128442,0.78,0.94,13.378925323486328,43.75546646118164,43.75546646118164,11.827305793762207,6.253838539123535,0.6666666666666666,0.0,0.33333333333333337,phi_psi,2995.5548143089873,932.5798062979435,0.3113212289901196,30,-3.9,-0.9966666666666667,0.9682200331110694,0.3641369342803955,0.008670484647154808,0.38704463839530945,1.2756860256195068,0.4596950113773346,24
structure_185,DRAMP29238,185,TIEEQZKTFLDKXNHEAEDLFYQXSLAXWN,structure_185.pdb,1,0.8992307692307692,0.022000537917038602,0.8,0.92,13.05202579498291,43.96304702758789,43.96304702758789,11.489302635192871,6.192844867706299,0.6666666666666666,0.0,0.33333333333333337,phi_psi,3155.7797090222857,1140.4348144889182,0.36137972851160904,30,-3.9,-0.8433333333333334,1.027666674967614,0.363546758890152,0.009809063747525215,0.3860124945640564,1.2619348764419556,0.4531254768371582,24
structure_186,DRAMP29239,186,IEEQAKTFLDKFNHEKEDLEYQSSLASWNYNTNIT,structure_186.pdb,1,0.8962857142857142,0.032078984156138676,0.77,0.93,15.334476470947266,52.60429763793945,52.60429763793945,13.460304260253906,7.346183776855469,0.9696969696969697,0.030303030303030304,0.0,phi_psi,3778.6693288738,1099.5007167258448,0.29097563746165145,35,-3.9,-1.1085714285714285,0.8541602975900844,0.36660686135292053,0.007874011993408203,0.37813079357147217,0.9496206045150757,0.4001747965812683,33
structure_187,DRAMP29240,187,IEEQAKTFLDKKNHEEEDLFYQSSLASWNYNTNIT,structure_187.pdb,1,0.7537142857142856,0.10671954471646602,0.54,0.84,16.3754940032959,57.80460739135742,57.80460739135742,14.192866325378418,8.168192863464355,0.7878787878787878,0.0,0.21212121212121215,phi_psi,3920.5310239074474,1152.575888856205,0.29398463673104047,35,-3.9,-1.1085714285714285,0.7129135793694819,0.36797407269477844,0.01367904432117939,0.4214615821838379,1.151983618736267,0.599975049495697,33
structure_188,DRAMP29241,188,IEEQAKTKLDKENHEAEDLFYQSSLASWNYNTNIT,structure_188.pdb,1,0.7905714285714286,0.10339778547346325,0.51,0.89,15.465818405151367,53.58512878417969,53.58512878417969,13.565673828125,7.427249908447266,0.9393939393939394,0.0,0.06060606060606055,phi_psi,3700.3658733989405,1052.5486971728906,0.2844444936484296,35,-3.9,-1.137142857142857,0.7664762897314921,0.36815258860588074,0.004429618362337351,0.38200685381889343,0.910888671875,0.19120070338249207,33
