DRAMP_ID,Sequence,Hiden_Sequence,stapep_seq,N_terminal_Modification,C_terminal_Modification,label,length,weight,hydrophobic_index,charge,aromaticity,isoelectric_point,fraction_arginine,fraction_lysine,lyticity_index,helix_percent,sheet_percent,loop_percent,mean_bfactor,mean_gyrate,num_hbonds,psa,sasa,elapsed_s,extraction_error
DRAMP21482,KKKKKKAAFⓍAWAⓍFAA,KKKKKKAAFXAWAXFAA,KKKKKKAAFXAWAXFAANH2,Free,Amidation,1,17,1930.406,0.017647058823529363,6.995,0.17647058823529413,10.699318122863769,0.0,0.35294117647058826,504.164,0.20500000000000004,0.01833333333333333,0.7766666666666668,409.22363601641774,9.367388651433341,1,688.7435913085938,1667.7421091879812,3993.4,
DRAMP21483,KKKKKKAGFⓍAWAⓍFGA,KKKKKKAGFXAWAXFGA,KKKKKKAGFXAWAXFGANH2,Free,Amidation,1,17,1902.3519999999999,-0.24117647058823533,6.995,0.17647058823529413,10.699318122863769,0.0,0.35294117647058826,491.336,0.13888888888888887,0.03666666666666667,0.8244444444444443,375.0932338309279,8.390666622122033,0,702.2605590820312,1556.486967540181,3944.6,
DRAMP21484,KKKKKKAGFⓍAWGⓍFGA,KKKKKKAGFXAWGXFGA,KKKKKKAGFXAWGXFGANH2,Free,Amidation,1,17,1888.3250000000003,-0.37058823529411766,6.995,0.17647058823529413,10.699318122863769,0.0,0.35294117647058826,478.50800000000004,0.10055555555555556,0.005555555555555556,0.893888888888889,352.42258300483195,8.670723589896639,0,715.024169921875,1624.6170927078163,3969.7,
DRAMP21485,KKKKKKNGFⓍAWGⓍFGA,KKKKKKNGFXAWGXFGA,KKKKKKNGFXAWGXFGANH2,Free,Amidation,1,17,1931.35,-0.6823529411764705,6.995,0.17647058823529413,10.699318122863769,0.0,0.35294117647058826,434.56699999999995,0.2727777777777778,0.003333333333333333,0.7238888888888888,348.8342382748885,9.048649409621115,0,723.8250122070312,1629.2460597933816,3956.2,
DRAMP21486,VNWKKⓍLGKⓍIKVVK,VNWKKXLGKXIKVVK,VNWKKXLGKXIKVVKNH2,Free,Amidation,1,15,1776.2879999999996,0.31999999999999995,5.995,0.06666666666666667,10.602422142028807,0.0,0.3333333333333333,441.22300000000007,0.36875,0.0,0.63125,118.32610199328306,8.84789260863074,0,631.3645629882812,1495.431439594109,3921.9,
DRAMP21487,VNWKKILGKⓍIKVⓍK,VNWKKILGKXIKVXK,VNWKKILGKXIKVXKNH2,Free,Amidation,1,15,1790.3149999999996,0.33999999999999997,5.995,0.06666666666666667,10.602422142028807,0.0,0.3333333333333333,454.681,0.33375,0.0,0.66625,179.60452920663639,8.687000323092201,0,633.1939086914062,1509.8107514314065,3969.1,
DRAMP21488,VⓍWKKⓍLGKIIKVVK,VXWKKXLGKIIKVVK,VXWKKXLGKIIKVVKNH2,Free,Amidation,1,15,1775.3439999999996,0.8533333333333333,5.995,0.06666666666666667,10.602422142028807,0.0,0.3333333333333333,452.639,0.179375,0.0025,0.818125,210.51112719493912,8.673510585426513,1,602.7850952148438,1495.5465100274334,3837.9,
DRAMP21489,VNⓍKKIⓍGKⓍIKVⓍK,VNXKKIXGKXIKVXK,VNXKKIXGKXIKVXKNH2,Free,Amidation,1,15,1745.317,0.6933333333333332,5.995,0.0,10.602422142028807,0.0,0.3333333333333333,490.875,0.03125,0.0,0.96875,177.26560008612608,8.197333615455678,0,628.0663452148438,1429.335899219966,3947.4,
DRAMP21490,VNⓏKKILGKⓍIKVVK,VNZKKILGKXIKVVK,VNR8KKILGKXIKVVKNH2,Free,Amidation,1,15,1745.3149999999998,1.0466666666666664,5.995,0.0,10.602422142028807,0.0,0.3333333333333333,477.9430000000001,0.200625,0.0,0.799375,253.3021378087778,8.94769864081294,0,646.498046875,1528.18260748635,3888.8,
DRAMP21491,VNⓏKKILGKⓍIKVVK,VNZKKILGKXIKVVK,VNR8KKILGKXIKVVKNH2,Free,Amidation,1,15,1745.3149999999998,1.0466666666666664,5.995,0.0,10.602422142028807,0.0,0.3333333333333333,477.9430000000001,0.26125,0.0,0.73875,196.95358182532922,9.540246311014965,0,624.1967163085938,1549.891888973293,3921.8,
DRAMP21492,VNⓍKKIⓍPKⓍIKVⓍK,VNXKKIXPKXIKVXK,VNXKKIXPKXIKVXKNH2,Free,Amidation,1,15,1785.3819999999996,0.6133333333333333,5.995,0.0,10.602422142028807,0.0,0.3333333333333333,499.468,0.066875,0.0,0.933125,206.8347615700573,8.128370749847585,1,606.0521850585938,1469.732920085023,3969.5,
DRAMP21493,VNⓍKKIⓍPKⓍIKVⓍK,VNXKKIXPKXIKVXK,VNXKKIXPKXIKVXKNH2,Free,Amidation,1,15,1785.3819999999996,0.6133333333333333,5.995,0.0,10.602422142028807,0.0,0.3333333333333333,499.468,0.0775,0.0,0.9225,189.72077365448817,7.9567823251285805,3,601.651123046875,1446.0168195849446,3972.8,
DRAMP21495,GFLSILKKVLPKⓍJAHⓍK,GFLSILKKVLPKXJAHXK,GFLSILKKVLPKXBAHXKNH2,Free,Amidation,1,18,2028.5869999999998,0.7555555555555555,5.094,0.05555555555555555,10.477740287780762,0.0,0.2222222222222222,610.654,0.36684210526315786,0.0,0.6331578947368421,242.53178208623038,8.290602511422621,1,640.4038696289062,1615.5917431322305,3890.5,
DRAMP21496,GFLSⓍLKKⓍLPKVJAHJK,GFLSXLKKXLPKVJAHJK,GFLSXLKKXLPKVBAHBKNH2,Free,Amidation,1,18,2028.5869999999998,0.6333333333333333,5.094,0.05555555555555555,10.477740287780762,0.0,0.2222222222222222,633.816,0.049473684210526316,0.003157894736842105,0.9473684210526315,356.91765321931626,8.731761994824332,2,670.7557373046875,1672.6056331718705,3953.7,
DRAMP21497,GFLSⓍLKKⓍLPKⓍJAHⓍK,GFLSXLKKXLPKXJAHXK,GFLSXLKKXLPKXBAHXKNH2,Free,Amidation,1,18,2070.6699999999996,0.7277777777777777,5.094,0.05555555555555555,10.477740287780762,0.0,0.2222222222222222,716.677,0.07473684210526317,0.0010526315789473684,0.9242105263157893,277.19845404922876,8.594891347699331,3,685.8778686523438,1671.4080059953167,3940.2,
DRAMP21498,GFⓏSILKKVⓍPKVJAHJK,GFZSILKKVXPKVJAHJK,GFR8SILKKVXPKVBAHBKNH2,Free,Amidation,1,18,2056.641,1.0000000000000002,5.094,0.05555555555555555,10.477740287780762,0.0,0.2222222222222222,602.433,0.17368421052631577,0.0,0.8263157894736841,266.33132829766976,9.0005892883564,0,673.9431762695312,1644.2870621396705,3989.6,
DRAMP21499,GFⓏSILKKVⓍPKVJAHJK,GFZSILKKVXPKVJAHJK,GFR8SILKKVXPKVBAHBKNH2,Free,Amidation,1,18,2056.641,1.0000000000000002,5.094,0.05555555555555555,10.477740287780762,0.0,0.2222222222222222,602.433,0.14473684210526314,0.004210526315789474,0.8510526315789474,426.66811330494096,8.818428125207904,4,693.4118041992188,1655.360492294332,3943.3,
DRAMP21500,GFLSⓍLKKⓍLGKⓍJAHⓍK,GFLSXLKKXLGKXJAHXK,GFLSXLKKXLGKXBAHXKNH2,Free,Amidation,1,18,2030.6049999999998,0.7944444444444442,5.094,0.05555555555555555,10.477740287780762,0.0,0.2222222222222222,699.491,0.27263157894736845,0.0,0.7273684210526316,150.4662300541523,8.973127993252124,1,664.77001953125,1636.1102673679786,3823.1,
DRAMP21501,GFLSⓍLKKⓍLAKⓍJAHⓍK,GFLSXLKKXLAKXJAHXK,GFLSXLKKXLAKXBAHXKNH2,Free,Amidation,1,18,2044.6319999999998,0.9166666666666666,5.094,0.05555555555555555,10.477740287780762,0.0,0.2222222222222222,705.905,0.0631578947368421,0.023157894736842106,0.9136842105263157,274.7261810556665,8.527283693254759,0,686.7841796875,1592.1086788355376,3953.2,
DRAMP21504,ⓍIGKⓍLHSAKKFGKAFVGEIJNS,XIGKXLHSAKKFGKAFVGEIJNS,XIGKXLHSAKKFGKAFVGEIBNSNH2,Free,Amidation,1,23,2480.942000000001,0.35217391304347817,4.095,0.08695652173913043,10.00138339996338,0.0,0.17391304347826086,570.2729999999999,0.29,0.00875,0.70125,379.54432841999335,8.958305047402751,1,893.6802368164062,1860.2052515436433,3976.7,
DRAMP21505,GⓍGKFⓍHSAKKFGKAFVGEIJNS,GXGKFXHSAKKFGKAFVGEIJNS,GXGKFXHSAKKFGKAFVGEIBNSNH2,Free,Amidation,1,23,2458.8510000000006,0.09565217391304345,4.095,0.13043478260869565,10.00138339996338,0.0,0.17391304347826086,581.752,0.335,0.011249999999999998,0.65375,526.469717360944,9.198796410532694,1,927.2776489257812,1852.7602492687934,3992.9,
DRAMP21506,GIⓍKFLⓍSAKKFGKAFVGEIJNS,GIXKFLXSAKKFGKAFVGEIJNS,GIXKFLXSAKKFGKAFVGEIBNSNH2,Free,Amidation,1,23,2490.9770000000008,0.6130434782608696,3.996,0.13043478260869565,10.00138339996338,0.0,0.17391304347826086,623.334,0.26666666666666666,0.005833333333333333,0.7274999999999998,421.8789440937144,8.919474135974653,3,888.9507446289062,1909.5729288112211,3929.8,
DRAMP21507,GIGⓍFLHⓍAKKFGKAFVGEIJNS,GIGXFLHXAKKFGKAFVGEIJNS,GIGXFLHXAKKFGKAFVGEIBNSNH2,Free,Amidation,1,23,2469.9180000000006,0.6608695652173913,3.095,0.13043478260869565,9.703152656555176,0.0,0.13043478260869565,750.2280000000001,0.16375,0.10666666666666667,0.7295833333333331,435.7501558711324,9.050330508804281,5,858.57470703125,1793.3873643088477,4039.4,
DRAMP21508,GIGKⓍLHSⓍKKFGKAFVGEIJNS,GIGKXLHSXKKFGKAFVGEIJNS,GIGKXLHSXKKFGKAFVGEIBNSNH2,Free,Amidation,1,23,2466.915000000001,0.25652173913043474,4.095,0.08695652173913043,10.00138339996338,0.0,0.17391304347826086,660.405,0.3791666666666667,0.0008333333333333333,0.62,266.38171823058457,8.76744271828659,1,902.0744018554688,1865.4771453627193,4041.2,
DRAMP21509,GIGKFⓍHSAⓍKFGKAFVGEIJNS,GIGKFXHSAXKFGKAFVGEIJNS,GIGKFXHSAXKFGKAFVGEIBNSNH2,Free,Amidation,1,23,2443.8360000000002,0.4608695652173912,3.095,0.13043478260869565,9.703152656555176,0.0,0.13043478260869565,656.0999999999999,0.17875,0.015,0.8062499999999999,529.5789121239014,9.096904816946504,4,874.7018432617188,1820.2087494240304,4028.7,
DRAMP21510,GIGKFLⓍSAKⓍFGKAFVGEIJNS,GIGKFLXSAKXFGKAFVGEIJNS,GIGKFLXSAKXFGKAFVGEIBNSNH2,Free,Amidation,1,23,2419.8540000000003,0.7652173913043478,2.997,0.13043478260869565,9.703023719787598,0.0,0.13043478260869565,660.8610000000001,0.24291666666666667,0.028333333333333335,0.7287499999999999,450.03735711891,9.422762839269234,0,851.4268188476562,1863.083808356128,4017.9,
DRAMP21511,GIGKFLHⓍAKKⓍGKAFVGEIJNS,GIGKFLHXAKKXGKAFVGEIJNS,GIGKFLHXAKKXGKAFVGEIBNSNH2,Free,Amidation,1,23,2450.916,0.3695652173913042,4.095,0.08695652173913043,10.00138339996338,0.0,0.17391304347826086,668.04,0.21916666666666668,0.02583333333333333,0.7549999999999999,532.9116881961806,9.282692619926202,2,898.9700927734375,1862.9267459541024,3997.6,
DRAMP21512,GIGKFLHSⓍKKFⓍKAFVGEIJNS,GIGKFLHSXKKFXKAFVGEIJNS,GIGKFLHSXKKFXKAFVGEIBNSNH2,Free,Amidation,1,23,2557.040000000001,0.39565217391304336,4.095,0.13043478260869565,10.00138339996338,0.0,0.17391304347826086,747.7860000000001,0.2975,0.005833333333333333,0.6966666666666668,425.81889679123503,9.907934774377292,3,888.4466552734375,1961.4106784141277,4001.1,
DRAMP21513,GIGKFLHSAⓍKFGⓍAFVGEIJNS,GIGKFLHSAXKFGXAFVGEIJNS,GIGKFLHSAXKFGXAFVGEIBNSNH2,Free,Amidation,1,23,2428.821,0.7956521739130435,2.096,0.13043478260869565,8.598486900329593,0.0,0.08695652173913043,762.9770000000001,0.135,0.0425,0.8225000000000001,447.05603598467854,8.796344428477404,0,870.4714965820312,1755.8412677393999,3994.2,
DRAMP21514,GIGKFLHSAKⓍFGKⓍFVGEIJNS,GIGKFLHSAKXFGKXFVGEIJNS,GIGKFLHSAKXFGKXFVGEIBNSNH2,Free,Amidation,1,23,2485.9170000000004,0.5478260869565217,3.095,0.13043478260869565,9.703152656555176,0.0,0.13043478260869565,651.24,0.3591666666666667,0.0,0.6408333333333333,326.22861823394294,9.41127777524607,2,864.0927124023438,1888.257687220956,4002.4,
DRAMP21515,GIGKFLHSAKKⓍGKAⓍVGEIJNS,GIGKFLHSAKKXGKAXVGEIJNS,GIGKFLHSAKKXGKAXVGEIBNSNH2,Free,Amidation,1,23,2390.817,0.21304347826086953,4.095,0.043478260869565216,10.00138339996338,0.0,0.17391304347826086,551.5319999999999,0.18874999999999997,0.03166666666666666,0.7795833333333333,774.0920233158844,10.016572334853675,3,910.5256958007812,1874.3411247407328,4003.1,
DRAMP21516,GIGKFLHSAKKFⓍKAFⓍGEIJNS,GIGKFLHSAKKFXKAFXGEIJNS,GIGKFLHSAKKFXKAFXGEIBNSNH2,Free,Amidation,1,23,2528.986000000001,0.29130434782608683,4.095,0.13043478260869565,10.00138339996338,0.0,0.17391304347826086,686.4390000000001,0.11416666666666668,0.008333333333333333,0.8775,457.98869834825297,9.392604194488856,0,915.7340698242188,1893.5081427698728,4010.9,
DRAMP21517,GIGKFLHSAKKFGⓍAFVⓍEIJNS,GIGKFLHSAKKFGXAFVXEIJNS,GIGKFLHSAKKFGXAFVXEIBNSNH2,Free,Amidation,1,23,2499.9440000000004,0.643478260869565,3.095,0.13043478260869565,9.703152656555176,0.0,0.13043478260869565,705.259,0.18041666666666664,0.014166666666666666,0.8054166666666667,457.07847654550847,8.9887947091299,1,889.3438110351562,1900.5290869824626,4001.8,
DRAMP21518,GIGKFLHSAKKFGKⓍFVGⓍIJNS,GIGKFLHSAKKFGKXFVGXIJNS,GIGKFLHSAKKFGKXFVGXIBNSNH2,Free,Amidation,1,23,2484.9770000000008,0.5304347826086956,5.094,0.13043478260869565,10.477740287780762,0.0,0.17391304347826086,714.6869999999999,0.11333333333333333,0.004166666666666667,0.8825000000000002,420.8297230784029,8.874572154626732,1,891.9859619140625,1868.8780145292535,4004.2,
DRAMP21519,GIGKFLHSAKKFGKAⓍVGEⓍJNS,GIGKFLHSAKKFGKAXVGEXJNS,GIGKFLHSAKKFGKAXVGEXBNSNH2,Free,Amidation,1,23,2424.834,0.13913043478260861,4.095,0.08695652173913043,10.00138339996338,0.0,0.17391304347826086,564.565,0.27458333333333335,0.0016666666666666666,0.72375,662.3648510361112,9.762937959321755,1,921.7050170898438,1903.6180790419376,3998.3,
DRAMP21520,GIGKFLHSAKKFGKAFⓍGEIⓍNS,GIGKFLHSAKKFGKAFXGEIXNS,GIGKFLHSAKKFGKAFXGEIXNSNH2,Free,Amidation,1,23,2472.878,0.17391304347826084,4.095,0.13043478260869565,10.00138339996338,0.0,0.17391304347826086,603.2349999999999,0.28,0.03666666666666666,0.6833333333333331,465.3046691229625,9.309588436062109,0,923.3626098632812,1878.8751575896424,3995.9,
DRAMP21521,GIGKFLHSAKKFGKAFVⓍEIJⓍS,GIGKFLHSAKKFGKAFVXEIJXS,GIGKFLHSAKKFGKAFVXEIBXSNH2,Free,Amidation,1,23,2514.0150000000003,0.626086956521739,4.095,0.13043478260869565,10.00138339996338,0.0,0.17391304347826086,657.654,0.18749999999999997,0.01833333333333333,0.7941666666666669,476.26461648168197,8.924852006648042,2,852.305908203125,1871.8810135246008,3980.5,
DRAMP21522,GIGKFLHSAKKFGKAFVGⓍIJNⓍ,GIGKFLHSAKKFGKAFVGXIJNX,GIGKFLHSAKKFGKAFVGXIBNXNH2,Free,Amidation,1,23,2468.9780000000005,0.6434782608695652,5.094,0.13043478260869565,10.477740287780762,0.0,0.17391304347826086,744.322,0.17416666666666664,0.005833333333333333,0.8200000000000002,395.75971174414923,8.962933319865408,1,848.3572387695312,1862.1906410050933,4023.9,
DRAMP21523,KIGKFLHSAKKFGKAⓍVGEⓍJNS,KIGKFLHSAKKFGKAXVGEXJNS,KIGKFLHSAKKFGKAXVGEXBNSNH2,Free,Amidation,1,23,2495.9570000000003,-0.013043478260869625,5.095,0.08695652173913043,10.176866340637208,0.0,0.21739130434782608,535.4380000000001,0.3516666666666666,0.0008333333333333333,0.6475,505.33531068423815,9.390080609796737,1,957.4548950195312,1924.2586370631707,3987.3,
DRAMP21524,GKGKFLHSAKKFGKAⓍVGEⓍJNS,GKGKFLHSAKKFGKAXVGEXJNS,GKGKFLHSAKKFGKAXVGEXBNSNH2,Free,Amidation,1,23,2439.849,-0.22608695652173919,5.095,0.08695652173913043,10.176866340637208,0.0,0.21739130434782608,472.01200000000006,0.19958333333333333,0.02416666666666667,0.77625,571.0362643546036,9.13202969136294,2,970.888671875,1842.0662528998384,4009.6,
DRAMP21525,GIKKFLHSAKKFGKAⓍVGEⓍJNS,GIKKFLHSAKKFGKAXVGEXJNS,GIKKFLHSAKKFGKAXVGEXBNSNH2,Free,Amidation,1,23,2495.9570000000003,-0.013043478260869625,5.095,0.08695652173913043,10.176866340637208,0.0,0.21739130434782608,541.1669999999999,0.1529166666666667,0.006666666666666666,0.8404166666666666,95.76785299738913,9.220748067523472,2,940.6965942382812,1881.3967701211982,3986.0,
DRAMP21526,GIGKKLHSAKKFGKAⓍVGEⓍJNS,GIGKKLHSAKKFGKAXVGEXJNS,GIGKKLHSAKKFGKAXVGEXBNSNH2,Free,Amidation,1,23,2405.8320000000003,-0.15217391304347833,5.095,0.043478260869565216,10.176866340637208,0.0,0.21739130434782608,453.96299999999997,0.25208333333333327,0.03166666666666667,0.71625,550.3354953119633,9.126597140577891,5,920.5597534179688,1853.8903840350106,4004.6,
DRAMP21527,GIGKFKHSAKKFGKAⓍVGEⓍJNS,GIGKFKHSAKKFGKAXVGEXJNS,GIGKFKHSAKKFGKAXVGEXBNSNH2,Free,Amidation,1,23,2439.849,-0.19565217391304354,5.095,0.08695652173913043,10.176866340637208,0.0,0.21739130434782608,471.15,0.2920833333333333,0.006666666666666666,0.7012500000000002,472.7052379135851,8.996094015070442,4,929.8036499023438,1852.258648761815,4000.0,
DRAMP21528,GIGKFLKSAKKFGKAⓍVGEⓍJNS,GIGKFLKSAKKFGKAXVGEXJNS,GIGKFLKSAKKFGKAXVGEXBNSNH2,Free,Amidation,1,23,2415.867,0.10869565217391304,4.996,0.08695652173913043,10.176866340637208,0.0,0.21739130434782608,564.565,0.1891666666666667,0.055,0.7558333333333332,654.6575035273372,9.386173790882138,1,895.8826904296875,1873.3159910955746,4012.6,
DRAMP21529,GIGKFLHKAKKFGKAⓍVGEⓍJNS,GIGKFLHKAKKFGKAXVGEXJNS,GIGKFLHKAKKFGKAXVGEXBNSNH2,Free,Amidation,1,23,2465.9310000000005,0.004347826086956458,5.095,0.08695652173913043,10.176866340637208,0.0,0.21739130434782608,564.565,0.16125,0.04750000000000001,0.79125,591.7382685631549,8.805682469482495,4,930.6331787109375,1863.1040259854874,4015.6,
DRAMP21530,GIGKFLHSKKKFGKAⓍVGEⓍJNS,GIGKFLHSKKKFGKAXVGEXJNS,GIGKFLHSKKKFGKAXVGEXBNSNH2,Free,Amidation,1,23,2481.9300000000003,-0.10869565217391304,5.095,0.08695652173913043,10.176866340637208,0.0,0.21739130434782608,470.08500000000004,0.18375000000000002,0.020416666666666666,0.7958333333333332,586.7686308575668,9.285888684163528,1,952.95361328125,1924.3790815276877,3990.4,
DRAMP21531,GIGKFLHSAKKKGKAⓍVGEⓍJNS,GIGKFLHSAKKKGKAXVGEXJNS,GIGKFLHSAKKKGKAXVGEXBNSNH2,Free,Amidation,1,23,2405.8320000000003,-0.15217391304347827,5.095,0.043478260869565216,10.176866340637208,0.0,0.21739130434782608,436.45000000000005,0.31875000000000003,0.01,0.6712500000000001,465.3413661547038,8.90051274187714,2,914.4454956054688,1809.3840242478725,3987.6,
DRAMP21532,GIGKFLHSAKKFKKAⓍVGEⓍJNS,GIGKFLHSAKKFKKAXVGEXJNS,GIGKFLHSAKKFKKAXVGEXBNSNH2,Free,Amidation,1,23,2495.9570000000003,-0.013043478260869625,5.095,0.08695652173913043,10.176866340637208,0.0,0.21739130434782608,513.753,0.14041666666666666,0.09249999999999999,0.7670833333333333,303.66358773479755,8.625359023718751,2,927.5490112304688,1821.3276788770395,4000.9,
DRAMP21533,GIGKFLHSAKKFGKKⓍVGEⓍJNS,GIGKFLHSAKKFGKKXVGEXJNS,GIGKFLHSAKKFGKKXVGEXBNSNH2,Free,Amidation,1,23,2481.9300000000003,-0.10869565217391304,5.095,0.08695652173913043,10.176866340637208,0.0,0.21739130434782608,529.024,0.29541666666666666,0.02083333333333333,0.68375,528.3997468046903,8.941840775204884,1,916.82177734375,1864.9763671413039,3997.9,
DRAMP21534,GIGKFLHSAKKFGKAⓍKGEⓍJNS,GIGKFLHSAKKFGKAXKGEXJNS,GIGKFLHSAKKFGKAXKGEXBNSNH2,Free,Amidation,1,23,2453.876,-0.2130434782608696,5.095,0.08695652173913043,10.176866340637208,0.0,0.21739130434782608,465.948,0.2058333333333333,0.06333333333333334,0.7308333333333333,301.122401683631,9.100079984596674,2,955.2514038085938,1875.2816611427115,4001.3,
DRAMP21535,GIGKFLHSAKKFGKAⓍVKEⓍJNS,GIGKFLHSAKKFGKAXVKEXJNS,GIGKFLHSAKKFGKAXVKEXBNSNH2,Free,Amidation,1,23,2495.9570000000003,-0.013043478260869625,5.095,0.08695652173913043,10.176866340637208,0.0,0.21739130434782608,536.9159999999999,0.31125,0.004999999999999999,0.6837499999999999,477.3239457061108,9.209457823302174,2,919.2103271484375,1916.3272265749602,3994.3,
DRAMP21536,GIGKFLHSAKKFGKAⓍVGKⓍJNS,GIGKFLHSAKKFGKAXVGKXJNS,GIGKFLHSAKKFGKAXVGKXBNSNH2,Free,Amidation,1,23,2423.8940000000002,0.12173913043478256,6.094,0.08695652173913043,10.602486610412598,0.0,0.21739130434782608,564.565,0.28375,0.009999999999999998,0.7062500000000002,432.59303916284733,9.338602659801323,1,922.9036865234375,1914.102086451154,4012.7,
DRAMP21537,GIGKFLHSAKKFGKAⓍVGEⓍKNS,GIGKFLHSAKKFGKAXVGEXKNS,GIGKFLHSAKKFGKAXVGEXKNSNH2,Free,Amidation,1,23,2439.849,-0.13043478260869573,5.095,0.08695652173913043,10.176866340637208,0.0,0.21739130434782608,502.396,0.30500000000000005,0.0425,0.6525,651.721691843613,10.254390327932283,2,974.1055297851562,1941.5768663004128,4003.5,
DRAMP21538,GIGKFLHSAKKFGKAⓍVGEⓍJKS,GIGKFLHSAKKFGKAXVGEXJKS,GIGKFLHSAKKFGKAXVGEXBKSNH2,Free,Amidation,1,23,2438.9049999999997,0.12173913043478253,5.095,0.08695652173913043,10.176866340637208,0.0,0.21739130434782608,564.565,0.31666666666666665,0.0025,0.6808333333333334,394.8167121194856,8.692676648045854,1,891.9758911132812,1820.5003183807341,4005.3,
DRAMP21539,GIGKFLHSAKKFGKAⓍVGEⓍJNK,GIGKFLHSAKKFGKAXVGEXJNK,GIGKFLHSAKKFGKAXVGEXBNKNH2,Free,Amidation,1,23,2465.931,0.004347826086956448,5.095,0.08695652173913043,10.176866340637208,0.0,0.21739130434782608,564.565,0.39708333333333334,0.0,0.6029166666666667,293.05546619363326,8.895394481312412,1,948.2070922851562,1861.7189515993546,4005.1,
DRAMP21540,GⓍGSFⓍKKKAHVGKHⓍGKAⓍLTHYL,GXGSFXKKKAHVGKHXGKAXLTHYL,GXGSFXKKKAHVGKHXGKAXLTHYLNH2,Free,Amidation,1,25,2755.3059999999996,0.043999999999999935,6.29,0.08,10.30161266326904,0.0,0.2,646.7249999999999,0.19153846153846155,0.002307692307692308,0.8061538461538461,539.3488955299744,9.276409268509362,0,1009.5122680664062,2063.73528155281,3978.2,
DRAMP21541,GⓍRKRⓍRKFRNKIKEKKKKIGQKⓍQGLⓍPKLA,GXRKRXRKFRNKIKEKKKKIGQKXQGLXPKLA,GXRKRXRKFRNKIKEKKKKIGQKXQGLXPKLANH2,Free,Amidation,1,32,3853.771,-1.13125,13.995,0.03125,11.999967765808105,0.125,0.3125,558.674,0.19151515151515153,0.0006060606060606061,0.8078787878787879,758.7175956487324,17.50048423493614,2,1629.8524169921875,3288.180034573616,4023.7,
DRAMP21542,GⓍGKFⓍHSKKKFGKAⓍVGEⓍBNS,GXGKFXHSKKKFGKAXVGEXBNS,GXGKFXHSKKKFGKAXVGEXBNSNH2,Free,Amidation,1,23,2509.9860000000003,-0.11304347826086962,5.095,0.08695652173913043,10.176866340637208,0.0,0.21739130434782608,520.5409999999999,0.27291666666666664,0.0008333333333333333,0.7262500000000002,370.65795559298965,8.970506556078751,4,954.0284423828125,1891.1086229017765,3931.1,
DRAMP21543,GⓍFSKⓍKGKKIKNLⓍISGⓍKG,GXFSKXKGKKIKNLXISGXKG,GXFSKXKGKKIKNLXISGXKGNH2,Free,Amidation,1,21,2280.8450000000003,0.09047619047619036,6.995,0.047619047619047616,10.699318122863769,0.0,0.2857142857142857,430.539,0.135,0.004545454545454546,0.8604545454545454,558.069043433335,9.316277791181175,0,875.5155639648438,1869.4067942607865,3942.2,
DRAMP21544,GⓏGKFLHSⓍKKFGKAFVGEIJNS,GZGKFLHSXKKFGKAFVGEIJNS,GR8GKFLHSXKKFGKAFVGEIBNSNH2,Free,Amidation,1,23,2543.013,0.42173913043478245,4.095,0.13043478260869565,10.00138339996338,0.0,0.17391304347826086,735.342,0.46791666666666665,0.0016666666666666666,0.5304166666666668,222.2856134746735,8.888047292774534,0,881.2874145507812,1881.1533000559575,4035.1,
DRAMP21545,GIⓏKFLHSAⓍKFGKAFVGEIJNS,GIZKFLHSAXKFGKAFVGEIJNS,GIR8KFLHSAXKFGKAFVGEIBNSNH2,Free,Amidation,1,23,2542.0250000000005,0.8826086956521739,3.095,0.13043478260869565,9.703152656555176,0.0,0.13043478260869565,677.684,0.32583333333333336,0.0025,0.6716666666666667,382.91986896406905,8.979359161219088,1,885.614013671875,1861.1831151489002,4016.7,
DRAMP21546,GIGⓏFLHSAKⓍFGKAFVGEIJNS,GIGZFLHSAKXFGKAFVGEIJNS,GIGR8FLHSAKXFGKAFVGEIBNSNH2,Free,Amidation,1,23,2470.902,1.034782608695652,2.096,0.13043478260869565,8.598486900329593,0.0,0.08695652173913043,623.173,0.17541666666666664,0.03708333333333333,0.7875,357.94867500530273,8.648653267984734,2,875.7389526367188,1781.3370723281553,4038.7,
DRAMP21547,GIGKⓏLHSAKKⓍGKAFVGEIJNS,GIGKZLHSAKKXGKAFVGEIJNS,GIGKR8LHSAKKXGKAFVGEIBNSNH2,Free,Amidation,1,23,2432.898,0.4521739130434782,4.095,0.043478260869565216,10.00138339996338,0.0,0.17391304347826086,644.3879999999999,0.03375,0.02083333333333333,0.9454166666666667,285.3942047389663,8.374617140007496,5,905.1973876953125,1771.5762252714119,4043.3,
DRAMP21548,GIGKFⓏHSAKKFⓍKAFVGEIJNS,GIGKFZHSAKKFXKAFVGEIJNS,GIGKFR8HSAKKFXKAFVGEIBNSNH2,Free,Amidation,1,23,2557.04,0.5478260869565215,4.095,0.13043478260869565,10.00138339996338,0.0,0.17391304347826086,748.9559999999999,0.20041666666666672,0.0016666666666666666,0.7979166666666666,291.38459762815137,9.360832946674522,5,877.0744018554688,1866.6801212075343,4010.5,
DRAMP21549,GIGKFLⓏSAKKFGⓍAFVGEIJNS,GIGKFLZSAKKFGXAFVGEIJNS,GIGKFLR8SAKKFGXAFVGEIBNSNH2,Free,Amidation,1,23,2461.9350000000004,1.0043478260869565,2.997,0.13043478260869565,9.703023719787598,0.0,0.13043478260869565,667.5710000000001,0.2520833333333333,0.02083333333333333,0.7270833333333333,422.8375473924107,9.113839510179977,2,841.054443359375,1856.5318899293186,4062.8,
DRAMP21550,GIGKFLHⓏAKKFGKⓍFVGEIJNS,GIGKFLHZAKKFGKXFVGEIJNS,GIGKFLHR8AKKFGKXFVGEIBNSNH2,Free,Amidation,1,23,2569.0950000000003,0.6521739130434783,4.095,0.13043478260869565,10.00138339996338,0.0,0.17391304347826086,771.398,0.2375,0.009166666666666667,0.7533333333333333,387.07877557045805,8.988409495421354,2,900.5607299804688,1902.3423427959785,4003.6,
DRAMP21551,GIGKFLHSⓏKKFGKAⓍVGEIJNS,GIGKFLHSZKKFGKAXVGEIJNS,GIGKFLHSR8KKFGKAXVGEIBNSNH2,Free,Amidation,1,23,2508.996,0.4956521739130433,4.095,0.08695652173913043,10.00138339996338,0.0,0.17391304347826086,784.213,0.09250000000000001,0.10541666666666667,0.8020833333333335,506.9026531893532,8.724512929923078,3,896.3485107421875,1863.983009260653,3998.5,
DRAMP21552,GIGKFLHSAⓏKFGKAFⓍGEIJNS,GIGKFLHSAZKFGKAFXGEIJNS,GIGKFLHSAR8KFGKAFXGEIBNSNH2,Free,Amidation,1,23,2499.9440000000004,0.6826086956521741,3.095,0.13043478260869565,9.703152656555176,0.0,0.13043478260869565,737.421,0.1708333333333333,0.0125,0.8166666666666668,411.62521501855065,9.075950731483365,4,886.3322143554688,1882.8599035934994,3993.7,
DRAMP21553,GIGKFLHSAKⓏFGKAFVⓍEIJNS,GIGKFLHSAKZFGKAFVXEIJNS,GIGKFLHSAKR8FGKAFVXEIBNSNH2,Free,Amidation,1,23,2542.0250000000005,0.8826086956521738,3.095,0.13043478260869565,9.703152656555176,0.0,0.13043478260869565,657.4929999999999,0.21291666666666664,0.004166666666666667,0.7829166666666667,277.5674794042574,8.648718203135283,3,856.417724609375,1813.3597568488894,4008.0,
DRAMP21554,GIGKFLHSAKKⓏGKAFVGⓍIJNS,GIGKFLHSAKKZGKAFVGXIJNS,GIGKFLHSAKKR8GKAFVGXIBNSNH2,Free,Amidation,1,23,2450.96,0.726086956521739,5.094,0.08695652173913043,10.477740287780762,0.0,0.17391304347826086,729.7829999999999,0.22958333333333333,0.0008333333333333333,0.7695833333333334,275.0799760877469,9.067436779032999,0,887.795654296875,1883.3482256229233,3992.2,
DRAMP21555,GIGKFLHSAKKFⓏKAFVGEⓍJNS,GIGKFLHSAKKFZKAFVGEXJNS,GIGKFLHSAKKFR8KAFVGEXBNSNH2,Free,Amidation,1,23,2557.04,0.517391304347826,4.095,0.13043478260869565,10.00138339996338,0.0,0.17391304347826086,744.802,0.19333333333333333,0.017499999999999998,0.7891666666666666,285.4362456686109,8.74271077373546,5,879.5477905273438,1869.6784027122706,3990.6,
DRAMP21557,GIGKFLHSAKKFGKⓏFVGEIJⓍS,GIGKFLHSAKKFGKZFVGEIJXS,GIGKFLHSAKKFGKR8FVGEIBXSNH2,Free,Amidation,1,23,2542.0690000000004,0.7695652173913043,4.095,0.13043478260869565,10.00138339996338,0.0,0.17391304347826086,678.824,0.2920833333333333,0.005,0.7029166666666665,339.0946565771166,8.664574948121995,2,868.1707763671875,1854.7708768870966,4010.0,
DRAMP21558,KⓍWKJⓍK,KXWKJXK,KXWKBXKNH2,Free,Amidation,1,7,938.2629999999999,-0.30000000000000016,3.995,0.14285714285714285,10.302063941955566,0.0,0.42857142857142855,194.328,0.00375,0.0,0.99625,10.19861416945019,7.186801759315307,1,325.9674987792969,930.3084530546257,3890.3,
DRAMP21559,RⓍWKJⓍK,RXWKJXK,RXWKBXKNH2,Free,Amidation,1,7,966.277,-0.3857142857142858,3.995,0.14285714285714285,11.16626262664795,0.14285714285714285,0.2857142857142857,194.328,0.0,0.0,1.0,39.93380110520881,6.438608017754258,0,360.9969177246094,887.7094044364737,4005.2,
DRAMP21560,KⓍWRJⓍK,KXWRJXK,KXWRBXKNH2,Free,Amidation,1,7,966.2769999999998,-0.3857142857142858,3.995,0.14285714285714285,11.16626262664795,0.14285714285714285,0.2857142857142857,194.328,0.0,0.0,1.0,12.862205216964233,7.218564743726401,0,367.4194641113281,946.8163104271162,3855.9,
DRAMP21561,KⓍWKJⓍR,KXWKJXR,KXWKBXRNH2,Free,Amidation,1,7,966.2769999999998,-0.38571428571428584,3.995,0.14285714285714285,11.16626262664795,0.14285714285714285,0.2857142857142857,194.328,0.015,0.0,0.985,11.061765788476558,7.280763291031325,0,360.4598693847656,944.3741999698109,3903.8,
DRAMP21562,RⓍWRJⓍK,RXWRJXK,RXWRBXKNH2,Free,Amidation,1,7,994.2909999999999,-0.4714285714285716,3.996,0.14285714285714285,11.999967765808105,0.2857142857142857,0.14285714285714285,194.328,0.0,0.0,1.0,56.58911477666157,6.61982933840857,1,392.5064697265625,904.9610401488817,3998.3,
DRAMP21563,RⓍWKJⓍR,RXWKJXR,RXWKBXRNH2,Free,Amidation,1,7,994.2909999999999,-0.47142857142857153,3.996,0.14285714285714285,11.999967765808105,0.2857142857142857,0.14285714285714285,194.328,0.0,0.0,1.0,44.19751403081182,6.960122334375527,2,384.6050720214844,925.5280018616759,3998.7,
DRAMP21564,KⓍWRJⓍR,KXWRJXR,KXWRBXRNH2,Free,Amidation,1,7,994.2909999999999,-0.47142857142857153,3.996,0.14285714285714285,11.999967765808105,0.2857142857142857,0.14285714285714285,194.328,0.02125,0.0,0.97875,34.82139277786312,6.8299464083548616,0,382.524169921875,915.2335373602979,3878.6,
DRAMP21565,RⓍWRJⓍR,RXWRJXR,RXWRBXRNH2,Free,Amidation,1,7,1022.3049999999997,-0.5571428571428573,3.996,0.14285714285714285,11.999967765808105,0.42857142857142855,0.0,194.328,0.0,0.0,1.0,13.826124815789063,7.295082419819665,0,431.1397399902344,967.5091562026754,4008.3,
DRAMP21566,IDWKKⓍLDAⓍKQIL,IDWKKXLDAXKQIL,IDWKKXLDAXKQILNH2,Free,Amidation,1,14,1707.0939999999998,0.24999999999999994,1.996,0.07142857142857142,8.497529411315917,0.0,0.21428571428571427,422.088,0.3373333333333333,0.0,0.6626666666666666,106.48977403733083,7.767917249739468,1,601.6050415039062,1347.0117040667888,4015.5,
DRAMP21567,IDWKKⓍLNAⓍKQIL,IDWKKXLNAXKQIL,IDWKKXLNAXKQILNH2,Free,Amidation,1,14,1706.1099999999997,0.24999999999999994,2.996,0.07142857142857142,9.703023719787598,0.0,0.21428571428571427,422.088,0.20466666666666666,0.0026666666666666666,0.7926666666666669,245.0482625387028,8.151235809169476,3,634.5712280273438,1398.92118468175,4008.2,
DRAMP21568,IDWKKⓍLDAⓍKKIL,IDWKKXLDAXKKIL,IDWKKXLDAXKKILNH2,Free,Amidation,1,14,1707.138,0.2214285714285714,2.996,0.07142857142857142,9.528249931335449,0.0,0.2857142857142857,422.088,0.32,0.0013333333333333333,0.6786666666666666,147.71387907842941,7.956783666671766,1,586.5673217773438,1383.239267591052,4013.8,
DRAMP21569,KⓍWKAⓍK,KXWKAXK,KXWKAXKNH2,Free,Amidation,1,7,896.182,-0.37142857142857155,3.995,0.14285714285714285,10.302063941955566,0.0,0.42857142857142855,173.09300000000002,0.0,0.0,1.0,15.961640938838444,6.952140059060688,1,334.5191345214844,880.5784464550961,3844.9,
DRAMP21570,KⓍWKLⓍK,KXWKLXK,KXWKLXKNH2,Free,Amidation,1,7,938.2629999999999,-0.08571428571428585,3.995,0.14285714285714285,10.302063941955566,0.0,0.42857142857142855,193.284,0.06,0.0,0.94,44.85982627927253,6.692589938992264,0,315.96002197265625,886.0545450572251,3895.6,
DRAMP21571,KⓍWKVⓍK,KXWKVXK,KXWKVXKNH2,Free,Amidation,1,7,924.2359999999999,-0.02857142857142866,3.995,0.14285714285714285,10.302063941955566,0.0,0.42857142857142855,183.171,0.0,0.015,0.985,8.25645787192846,6.128518555283501,0,326.2845153808594,829.8644416970232,3852.4,
DRAMP21572,KⓍWKIⓍK,KXWKIXK,KXWKIXKNH2,Free,Amidation,1,7,938.2629999999999,0.01428571428571417,3.995,0.14285714285714285,10.302063941955566,0.0,0.42857142857142855,189.9,0.1425,0.0,0.8575,17.875609582565318,6.800775011760955,1,315.9534912109375,892.5335672254722,3930.0,
DRAMP21573,KⓍWKFⓍK,KXWKFXK,KXWKFXKNH2,Free,Amidation,1,7,972.28,-0.2285714285714287,3.995,0.2857142857142857,10.302063941955566,0.0,0.42857142857142855,199.01299999999998,0.0,0.0,1.0,53.47094084128208,6.450344190762254,0,321.2960510253906,887.8252232251641,3900.6,
DRAMP21574,KⓍWKWⓍK,KXWKWXK,KXWKWXKNH2,Free,Amidation,1,7,1011.3169999999997,-0.7571428571428572,3.995,0.2857142857142857,10.302063941955566,0.0,0.42857142857142855,202.49200000000002,0.0,0.0,1.0,26.17439141126036,6.857303928180971,0,337.257080078125,939.3151441058902,3833.7,
DRAMP21575,KⓍWKEⓍK,KXWKEXK,KXWKEXKNH2,Free,Amidation,1,7,954.2179999999998,-1.1285714285714288,2.997,0.14285714285714285,9.703023719787598,0.0,0.42857142857142855,135.566,0.06375,0.0,0.93625,40.26043508087844,6.682260771834964,1,356.0668640136719,876.8786782149178,3872.4,
DRAMP21576,KⓍWKKⓍK,KXWKKXK,KXWKKXKNH2,Free,Amidation,1,7,953.278,-1.1857142857142857,4.995,0.14285714285714285,10.477740287780762,0.0,0.5714285714285714,135.566,0.09375,0.0025,0.90375,41.29094466197695,6.822852003806787,0,355.4883728027344,913.3343627600284,3855.2,
DRAMP21578,WWVⓍARAⓍRR,WWVXARAXRR,WWVXARAXRRNH2,Acylation (Valerylamide),Amidation,1,10,1336.6349999999998,0.06999999999999992,3.996,0.2,11.999967765808105,0.3,0.0,298.738,0.21454545454545457,0.0,0.7854545454545457,86.58560634712146,7.447991368282171,0,523.1051025390625,1126.2157669020592,3987.0,
DRAMP21580,WWVⓍAFAⓍRRR,WWVXAFAXRRR,WWVXAFAXRRRNH2,Acylation (Caproylamide),Amidation,1,11,1483.8069999999998,0.3181818181818182,3.996,0.2727272727272727,11.999967765808105,0.2727272727272727,0.0,402.883,0.29750000000000004,0.0,0.7024999999999999,119.81096640399223,7.998000563438637,0,553.6907348632812,1245.5658909309782,3999.7,
DRAMP21582,KⓍWKLⓍK,KXWKLXK,AcKXWKLXKNH2,Acetylation,Amidation,1,7,961.2529999999999,-0.08571428571428585,3.995,0.14285714285714285,10.302063941955566,0.0,0.42857142857142855,193.284,0.0,0.0,1.0,17.69201708781421,6.713424553016775,0,326.4957275390625,914.0408750067442,4073.5,
DRAMP21583,KⓍWKLⓍKGKⓍWKLⓍK,KXWKLXKGKXWKLXK,AcKXWKLXKGKXWKLXKNH2,Acetylation,Amidation,1,15,1956.5400000000002,-0.10666666666666673,6.995,0.13333333333333333,10.699318122863769,0.0,0.4,511.212,0.0035294117647058825,0.0,0.9964705882352942,171.07240109231898,8.32936839211088,1,660.3882446289062,1652.556446474247,3995.5,
DRAMP21584,KⓍWKLⓍKAKⓍWKLⓍK,KXWKLXKAKXWKLXK,AcKXWKLXKAKXWKLXKNH2,Acetylation,Amidation,1,15,1970.5670000000002,0.04000000000000001,6.995,0.13333333333333333,10.699318122863769,0.0,0.4,517.626,0.18588235294117642,0.0,0.8141176470588236,224.8886468098172,9.11065120039892,0,645.00927734375,1665.898522960278,3997.8,
DRAMP21585,KⓍWKLⓍKBKⓍWKLⓍK,KXWKLXKBKXWKLXK,AcKXWKLXKBKXWKLXKNH2,Acetylation,Amidation,1,15,2012.648,0.07333333333333322,6.995,0.13333333333333333,10.699318122863769,0.0,0.4,560.096,0.0,0.0,1.0,221.1565397801615,8.681304612049441,0,670.2159423828125,1739.928012629478,3895.5,
DRAMP21586,KⓍWKLⓍKPKⓍWKLⓍK,KXWKLXKPKXWKLXK,AcKXWKLXKPKXWKLXKNH2,Acetylation,Amidation,1,15,1996.6050000000002,-0.18666666666666668,6.995,0.13333333333333333,10.699318122863769,0.0,0.4,528.398,0.0,0.0,1.0,118.56677957467447,11.306689906413098,2,660.480712890625,1791.0604805300568,3990.0,
DRAMP21587,KⓍWKLⓍKPKⓍWKLⓍK,KXWKLXKPKXWKLXK,AcKXWKLXKPKXWKLXKNH2,Acetylation,Amidation,1,15,1996.6050000000002,-0.18666666666666668,6.995,0.13333333333333333,10.699318122863769,0.0,0.4,528.398,0.03352941176470588,0.003529411764705882,0.9629411764705884,285.96699791696335,8.590562222908227,1,663.691162109375,1648.882325187394,4005.9,
DRAMP21588,KⓍWKAⓍK,KXWKAXK,AcKXWKAXKNH2,Acetylation,Amidation,1,7,919.172,-0.37142857142857155,3.995,0.14285714285714285,10.302063941955566,0.0,0.42857142857142855,173.09300000000002,0.023333333333333334,0.0,0.9766666666666667,48.266985485486806,6.717426829675591,0,329.3239440917969,880.3579713723068,3999.3,
DRAMP21589,KⓍWKAⓍK,KXWKAXK,KXWKAXKNH2,Free,Amidation,1,7,896.182,-0.37142857142857155,3.995,0.14285714285714285,10.302063941955566,0.0,0.42857142857142855,173.09300000000002,0.0,0.0,1.0,15.618150948187596,7.008835818445735,0,332.51507568359375,884.7129882942957,3895.8,
DRAMP21590,KⓍAKWⓍK,KXAKWXK,AcKXAKWXKNH2,Acetylation,Amidation,1,7,919.172,-0.3714285714285715,3.995,0.14285714285714285,10.302063941955566,0.0,0.42857142857142855,173.09300000000002,0.14444444444444446,0.0,0.8555555555555556,17.736008689271692,6.788716921447288,0,334.29254150390625,897.5579510611028,3996.9,
DRAMP21591,KⓍAKWⓍK,KXAKWXK,KXAKWXKNH2,Free,Amidation,1,7,896.182,-0.3714285714285715,3.995,0.14285714285714285,10.302063941955566,0.0,0.42857142857142855,173.09300000000002,0.07875,0.0,0.92125,25.334700917010657,6.722549317041163,0,323.6165771484375,860.1592541795355,3892.6,
DRAMP21592,KⓍWKLⓍK,KXWKLXK,AcKXWKLXKNH2,Acetylation,Amidation,1,7,961.2529999999999,-0.08571428571428585,3.995,0.14285714285714285,10.302063941955566,0.0,0.42857142857142855,193.284,0.04,0.0,0.9600000000000002,37.18286294963879,6.5662412260133625,0,327.4241943359375,915.4335653208447,4043.5,
DRAMP21593,KⓍWKLⓍK,KXWKLXK,KXWKLXKNH2,Free,Amidation,1,7,938.2629999999999,-0.08571428571428585,3.995,0.14285714285714285,10.302063941955566,0.0,0.42857142857142855,193.284,0.0,0.0,1.0,15.207701576114067,6.980510523670772,0,324.1109924316406,918.9874573943047,3892.8,
DRAMP21594,KⓍLKWⓍK,KXLKWXK,AcKXLKWXKNH2,Acetylation,Amidation,1,7,961.2529999999999,-0.08571428571428578,3.995,0.14285714285714285,10.302063941955566,0.0,0.42857142857142855,193.284,0.07333333333333333,0.0,0.9266666666666665,34.560830706609,7.0808070892856,0,339.5468444824219,941.0030108024492,4026.3,
DRAMP21595,KⓍLKWⓍK,KXLKWXK,KXLKWXKNH2,Free,Amidation,1,7,938.2629999999999,-0.08571428571428578,3.995,0.14285714285714285,10.302063941955566,0.0,0.42857142857142855,193.284,0.09375,0.0,0.90625,24.225416096331458,6.806833739545336,0,322.33563232421875,899.1060256770294,3869.7,
DRAMP21597,KⓍAKAⓍKKAAKAAWK,KXAKAXKKAAKAAWK,AcKXAKAXKKAAKAAWKNH2,Acetylation,Amidation,1,15,1659.0520000000004,-0.35333333333333333,6.995,0.06666666666666667,10.699318122863769,0.0,0.4,280.217,0.2117647058823529,0.0,0.7882352941176471,271.58614202555475,8.947817419976852,1,646.014404296875,1502.84300152588,4006.1,
DRAMP21598,KⓍAKAⓍKKⓍAKAⓍWK,KXAKAXKKXAKAXWK,AcKXAKAXKKXAKAXWKNH2,Acetylation,Amidation,1,15,1771.2700000000002,-0.046666666666666676,6.995,0.06666666666666667,10.699318122863769,0.0,0.4,466.895,0.12117647058823529,0.0,0.8788235294117648,180.14067702347086,8.4087492338028,0,637.4047241210938,1524.8769414819014,3978.3,
DRAMP21599,KⓍAKAⓍKKⓍAKWⓍAK,KXAKAXKKXAKWXAK,AcKXAKAXKKXAKWXAKNH2,Acetylation,Amidation,1,15,1771.2700000000002,-0.04666666666666671,6.995,0.06666666666666667,10.699318122863769,0.0,0.4,466.895,0.18352941176470586,0.0,0.8164705882352942,149.15500493231812,9.71147974842664,2,638.0932006835938,1608.1716813077915,4078.8,
DRAMP21600,KⓍAKWⓍKKⓍAKAⓍAK,KXAKWXKKXAKAXAK,AcKXAKWXKKXAKAXAKNH2,Acetylation,Amidation,1,15,1771.2700000000002,-0.04666666666666671,6.995,0.06666666666666667,10.699318122863769,0.0,0.4,496.294,0.10176470588235295,0.001176470588235294,0.8970588235294117,275.04600631318027,9.0686611130335,0,659.739013671875,1577.8105033596792,4016.0,
DRAMP21601,KⓍWKAⓍKKⓍAKAⓍAK,KXWKAXKKXAKAXAK,AcKXWKAXKKXAKAXAKNH2,Acetylation,Amidation,1,15,1771.2700000000002,-0.04666666666666671,6.995,0.06666666666666667,10.699318122863769,0.0,0.4,466.895,0.18352941176470586,0.02117647058823529,0.7952941176470589,133.7468691289338,9.523966589276332,1,632.8759765625,1533.8246655306273,4076.5,
DRAMP21602,KⓍAKWⓍKKⓍAKAⓍAK,KXAKWXKKXAKAXAK,KXAKWXKKXAKAXAKNH2,Succinylation,Amidation,1,15,1748.2800000000002,-0.04666666666666671,6.995,0.06666666666666667,10.699318122863769,0.0,0.4,496.294,0.155,0.0,0.845,244.46863829777072,9.146203301933909,0,625.4359130859375,1557.0208118756407,3997.2,
DRAMP21603,KⓍAKWⓍKKⓍAKAⓍAK,KXAKWXKKXAKAXAK,KXAKWXKKXAKAXAKNH2,Free,Amidation,1,15,1748.2800000000002,-0.04666666666666671,6.995,0.06666666666666667,10.699318122863769,0.0,0.4,496.294,0.226875,0.0,0.773125,190.16430346628812,9.237120858305328,2,643.7135620117188,1547.4200638575116,4019.5,
DRAMP21605,KⓍWKAⓍK,KXWKAXK,AcKXWKAXKNH2,Acetylation,Amidation,1,7,919.172,-0.37142857142857155,3.995,0.14285714285714285,10.302063941955566,0.0,0.42857142857142855,173.09300000000002,0.019999999999999997,0.0,0.9800000000000001,57.091430684912815,6.694505451126445,1,338.52716064453125,878.4354307119117,4005.1,
DRAMP21607,KⓍAKWⓍK,KXAKWXK,AcKXAKWXKNH2,Acetylation,Amidation,1,7,919.172,-0.3714285714285715,3.995,0.14285714285714285,10.302063941955566,0.0,0.42857142857142855,173.09300000000002,0.06444444444444444,0.0,0.9355555555555556,26.919436643715862,7.005873195215717,0,334.2778015136719,901.24244495315,3995.4,
DRAMP21609,KⓍWKLⓍK,KXWKLXK,AcKXWKLXKNH2,Acetylation,Amidation,1,7,961.2529999999999,-0.08571428571428585,3.995,0.14285714285714285,10.302063941955566,0.0,0.42857142857142855,193.284,0.003333333333333333,0.0,0.9966666666666667,30.54779720776645,6.984903445658504,0,322.3901672363281,938.8388628505863,4040.5,
DRAMP21611,KⓍLKWⓍK,KXLKWXK,AcKXLKWXKNH2,Acetylation,Amidation,1,7,961.2529999999999,-0.08571428571428578,3.995,0.14285714285714285,10.302063941955566,0.0,0.42857142857142855,193.284,0.2266666666666666,0.0,0.7733333333333334,47.75365048191832,6.3961188986367,0,336.1492919921875,894.1083823615005,4032.3,
DRAMP21613,KⓍWAKⓍA,KXWAKXA,AcKXWAKXANH2,Acetylation,Amidation,1,7,862.076,0.4428571428571428,2.995,0.14285714285714285,10.002737236022949,0.0,0.2857142857142857,177.793,0.0,0.0,1.0,50.70949723058887,6.511284094572302,0,295.2594909667969,819.375907229539,4004.8,
DRAMP21615,KⓍAWKⓍA,KXAWKXA,AcKXAWKXANH2,Acetylation,Amidation,1,7,862.076,0.4428571428571428,2.995,0.14285714285714285,10.002737236022949,0.0,0.2857142857142857,148.394,0.026666666666666665,0.008888888888888889,0.9644444444444444,40.506346934726515,6.4196077545980605,1,313.6540832519531,822.9767981353305,3986.2,
DRAMP21624,ⓍLAAⒿRHⓍ,XLAAJRHX,XLAABRHX,Free,Free,1,8,934.1649999999998,1.275,1.095,0.0,9.756532478332517,0.125,0.0,240.418,0.00375,0.0,0.99625,51.462544980056464,5.850892122369009,0,319.94586181640625,785.3074450075887,3883.4,
DRAMP21625,ⓏLAAIRHⓍ,ZLAAIRHX,R8LAAIRHX,Free,Free,1,8,976.246,2.2375,1.095,0.0,9.756532478332517,0.125,0.0,289.038,0.1525,0.0,0.8475,120.66199727994034,6.1889240547279165,0,323.06878662109375,819.4477570855147,4004.4,
DRAMP21628,TLKQFⓍKGVⓍKWLVK,TLKQFXKGVXKWLVK,AcTLKQFXKGVXKWLVKNH2,Acetylation,Amidation,1,15,1834.2789999999998,0.39333333333333326,4.995,0.13333333333333333,10.477740287780762,0.0,0.26666666666666666,549.7740000000001,0.24647058823529405,0.001176470588235294,0.7523529411764707,229.7144548321077,9.129921584221208,1,640.2656860351562,1587.0406116266802,4038.7,
DRAMP21629,TLKQFⓍKGWⓍKDLVK,TLKQFXKGWXKDLVK,AcTLKQFXKGWXKDLVKNH2,Acetylation,Amidation,1,15,1850.2340000000002,-0.12000000000000008,3.996,0.13333333333333333,10.00138339996338,0.0,0.26666666666666666,529.24,0.34470588235294125,0.001176470588235294,0.6541176470588234,164.2768999435005,9.146101217968384,0,656.343994140625,1561.3437513910048,3996.6,
DRAMP21630,TLKQWⓍKGVⓍKDLVK,TLKQWXKGVXKDLVK,AcTLKQWXKGVXKDLVKNH2,Acetylation,Amidation,1,15,1802.1899999999998,-0.02666666666666666,3.996,0.06666666666666667,10.00138339996338,0.0,0.26666666666666666,485.19300000000004,0.2864705882352941,0.012941176470588234,0.7005882352941175,192.9334623707346,7.974587705293135,3,672.67529296875,1463.4135111154721,4009.9,
DRAMP28986,ⓍIKKⓍLKSAKKFVKAFK,XIKKXLKSAKKFVKAFK,XIKKXLKSAKKFVKAFKNH2,Free,Amidation,1,17,2000.5819999999999,0.10588235294117654,7.994,0.11764705882352941,10.778420829772951,0.0,0.4117647058823529,412.344,0.405,0.0,0.5950000000000001,297.4599211063258,9.294544185835935,1,702.7001953125,1712.1655361244202,3909.7,
DRAMP28987,GIKKⓍLKSⓍKKFVKAFK,GIKKXLKSXKKFVKAFK,GIKKXLKSXKKFVKAFKNH2,Free,Amidation,1,17,1986.5549999999998,-0.023529411764705827,7.994,0.11764705882352941,10.778420829772951,0.0,0.4117647058823529,502.47600000000006,0.15888888888888889,0.0,0.8411111111111113,315.4204291239552,9.852963485515726,0,732.0826416015625,1812.5657939895523,4026.1,
DRAMP28988,GIKKFLKⓍAKKⓍVKAFK,GIKKFLKXAKKXVKAFK,GIKKFLKXAKKXVKAFKNH2,Free,Amidation,1,17,1970.5559999999996,0.12941176470588234,7.994,0.11764705882352941,10.778420829772951,0.0,0.4117647058823529,510.1109999999999,0.3472222222222222,0.0,0.6527777777777777,261.31003977168405,8.98536677419216,2,709.0905151367188,1697.3954134676146,4024.4,
DRAMP28989,GIKKFLKSⓍKKFⓍKAFK,GIKKFLKSXKKFXKAFK,GIKKFLKSXKKFXKAFKNH2,Free,Amidation,1,17,2034.599,-0.10588235294117654,7.994,0.17647058823529413,10.778420829772951,0.0,0.4117647058823529,528.967,0.23277777777777778,0.01,0.7572222222222222,328.10257161288695,9.124576066062264,1,725.0916748046875,1748.7320236279259,4014.6,
DRAMP28990,GIKKFLKSAKKⓍVKAⓍK,GIKKFLKSAKKXVKAXK,GIKKFLKSAKKXVKAXKNH2,Free,Amidation,1,17,1910.4569999999999,-0.08235294117647048,7.994,0.058823529411764705,10.778420829772951,0.0,0.4117647058823529,388.41,0.2733333333333333,0.0022222222222222222,0.7244444444444444,382.49258788425084,9.129408984558733,1,712.3696899414062,1673.3443969497966,4031.5,
DRAMP28991,GIKKⓏLKSAKKⓍVKAFK,GIKKZLKSAKKXVKAFK,GIKKR8LKSAKKXVKAFKNH2,Free,Amidation,1,17,1952.538,0.24117647058823538,7.994,0.058823529411764705,10.778420829772951,0.0,0.4117647058823529,486.45899999999995,0.42499999999999993,0.0,0.5750000000000001,161.36152389319403,9.661134304267216,1,724.7376098632812,1729.3168298131081,4057.4,
DRAMP28992,GIKKFLKⓏAKKFVKⓍFK,GIKKFLKZAKKFVKXFK,GIKKFLKR8AKKFVKXFKNH2,Free,Amidation,1,17,2088.735,0.5117647058823529,7.994,0.17647058823529413,10.778420829772951,0.0,0.4117647058823529,582.356,0.2016666666666667,0.0022222222222222222,0.796111111111111,256.03324952801677,9.539143700375556,0,702.93408203125,1801.7452487742414,4033.5,
DRAMP28993,GIKKFLKSⓏKKFVKAⓍK,GIKKFLKSZKKFVKAXK,GIKKFLKSR8KKFVKAXKNH2,Free,Amidation,1,17,2028.6359999999993,0.3,7.994,0.11764705882352941,10.778420829772951,0.0,0.4117647058823529,621.091,0.3844444444444444,0.0,0.6155555555555555,195.75742670630265,8.641629505055992,3,719.6113891601562,1691.2321756565063,4010.6,
DRAMP28994,ⓍIKKⓍLKSAKKFVKAFK,XIKKXLKSAKKFVKAFK,XIKKXLKSAKKFVKAFKNH2,Hexanoylation,Amidation,1,17,2000.5819999999999,0.10588235294117654,7.994,0.11764705882352941,10.778420829772951,0.0,0.4117647058823529,412.344,0.4305555555555556,0.0016666666666666666,0.5677777777777777,289.1310543726809,9.333915957859926,1,721.8409423828125,1726.873658184731,3908.6,
DRAMP28995,ⓍIKKⓍLKSAKKFVKAFK,XIKKXLKSAKKFVKAFK,XIKKXLKSAKKFVKAFKNH2,Laurylation,Amidation,1,17,2000.5819999999999,0.10588235294117654,7.994,0.11764705882352941,10.778420829772951,0.0,0.4117647058823529,412.344,0.4711111111111111,0.0,0.528888888888889,311.7355391196496,9.416307241697007,0,717.1109008789062,1721.254262403131,3842.6,
DRAMP28996,ⓍIKKⓍLKSAKKFVKAFK,XIKKXLKSAKKFVKAFK,XIKKXLKSAKKFVKAFKNH2,Stearylation,Amidation,1,17,2000.5819999999999,0.10588235294117654,7.994,0.11764705882352941,10.778420829772951,0.0,0.4117647058823529,412.344,0.4244444444444444,0.0,0.5755555555555556,323.74553289393975,9.569199312371877,3,704.937744140625,1731.9258925655367,3917.6,
DRAMP28998,RⓍWWRⓍW,RXWWRXW,RXWWRXWNH2,Free,Amidation,1,7,1125.3839999999998,-0.5000000000000001,2.996,0.42857142857142855,11.999967765808105,0.2857142857142857,0.0,265.99,0.075,0.0,0.925,13.9030524847024,6.524551992942204,0,393.62542724609375,936.5223642982694,3898.5,
DRAMP29000,WⓍKWWⓍK,WXKWWXK,WXKWWXKNH2,Free,Amidation,1,7,1069.3559999999998,-0.3285714285714286,2.995,0.42857142857142855,10.002737236022949,0.0,0.2857142857142857,265.99,0.075,0.0,0.925,28.127240546779458,6.2865236115963725,0,322.424072265625,919.4271965930039,4069.9,
DRAMP29002,LⓍLRLⓍR,LXLRLXR,LXLRLXRNH2,Free,Amidation,1,7,906.2219999999998,1.5142857142857142,2.996,0.0,11.999967765808105,0.2857142857142857,0.0,230.872,0.14,0.0,0.86,23.721295650924528,6.499362227265265,0,346.88330078125,867.6836751035806,3833.0,
DRAMP29004,WⓍRRWⓍR,WXRRWXR,WXRRWXRNH2,Free,Amidation,1,7,1095.3589999999997,-1.0142857142857145,3.996,0.2857142857142857,11.999967765808105,0.42857142857142855,0.0,200.77800000000002,0.06,0.0,0.94,24.325462465506355,6.615427961995494,1,451.51446533203125,946.2787626303011,3858.8,
DRAMP29007,GⓍFAVⓍKKVASVIKGL,GXFAVXKKVASVIKGL,AcGXFAVXKKVASVIKGLNH2,Acetylation,Amidation,1,16,1676.07,1.3874999999999997,3.995,0.0625,10.302063941955566,0.0,0.1875,484.356,0.2888888888888889,0.0011111111111111111,0.71,304.1448164506579,8.650434350743108,0,563.4513549804688,1418.8890161074085,3979.8,
DRAMP29008,GLFAⓍIKKⓍASVIKGL,GLFAXIKKXASVIKGL,AcGLFAXIKKXASVIKGLNH2,Acetylation,Amidation,1,16,1704.124,1.3812499999999996,3.995,0.0625,10.302063941955566,0.0,0.1875,552.533,0.3705555555555555,0.0011111111111111111,0.6283333333333334,174.97783496145394,8.109821265854041,0,578.2017822265625,1417.8550348936194,4002.1,
DRAMP29009,GLFAVⓍKKVⓍSVIKGL,GLFAVXKKVXSVIKGL,AcGLFAVXKKVXSVIKGLNH2,Acetylation,Amidation,1,16,1718.1509999999998,1.5124999999999997,3.995,0.0625,10.302063941955566,0.0,0.1875,524.738,0.34333333333333343,0.0022222222222222222,0.6544444444444444,194.8948619014892,8.057784843089927,4,594.0973510742188,1398.962465124981,4001.9,
DRAMP29010,GLFAVIKKⓍASVⓍKGL,GLFAVIKKXASVXKGL,AcGLFAVIKKXASVXKGLNH2,Acetylation,Amidation,1,16,1690.097,1.3624999999999998,3.995,0.0625,10.302063941955566,0.0,0.1875,532.346,0.28833333333333333,0.0,0.7116666666666666,252.81978081893828,8.653013311877867,0,575.821533203125,1444.242451144718,4006.5,
DRAMP29011,GLFAVIKKVAⓍVIKⓍL,GLFAVIKKVAXVIKXL,AcGLFAVIKKVAXVIKXLNH2,Acetylation,Amidation,1,16,1758.2599999999998,1.9812499999999997,3.995,0.0625,10.302063941955566,0.0,0.1875,508.248,0.3027777777777778,0.0,0.6972222222222222,269.754975330497,8.489930501804613,2,551.7012329101562,1467.392174061114,4019.9,
DRAMP29012,GⓏFAVIKKⓍASVIKGL,GZFAVIKKXASVIKGL,AcGR8FAVIKKXASVIKGLNH2,Acetylation,Amidation,1,16,1732.1779999999999,1.75,3.995,0.0625,10.302063941955566,0.0,0.1875,573.1759999999999,0.22777777777777775,0.0,0.772222222222222,212.69435363588107,9.042651905454555,1,595.9906616210938,1495.4723349175956,3871.3,
DRAMP29013,GLFAVⓏKKVASVⓍKGL,GLFAVZKKVASVXKGL,AcGLFAVR8KKVASVXKGLNH2,Acetylation,Amidation,1,16,1718.151,1.6875,3.995,0.0625,10.302063941955566,0.0,0.1875,629.238,0.19388888888888892,0.0,0.8061111111111113,136.92935420732934,8.157610162582507,0,576.90869140625,1408.1511447860216,3987.2,
DRAMP29015,IKLSPⓍTKDⓍLKKVLKGAIKGAIAVAKMV,IKLSPXTKDXLKKVLKGAIKGAIAVAKMV,IKLSPXTKDXLKKVLKGAIKGAIAVAKMVNH2,Free,Amidation,1,29,3057.8460000000005,0.6931034482758621,6.995,0.0,10.398315238952637,0.0,0.2413793103448276,700.0609999999999,0.16500000000000004,0.022333333333333337,0.8126666666666666,601.349701835859,10.109731603347107,2,1085.21630859375,2377.0276013947855,3945.9,
DRAMP29016,IKLSPETKDNLKKVLKGⓍIKGⓍIAVAKMV,IKLSPETKDNLKKVLKGXIKGXIAVAKMV,IKLSPETKDNLKKVLKGXIKGXIAVAKMVNH2,Free,Amidation,1,29,3158.9070000000006,0.32758620689655166,5.996,0.0,10.125549507141113,0.0,0.2413793103448276,738.565,0.2813333333333333,0.008666666666666666,0.71,617.2976207626408,10.149743384342012,3,1161.9697265625,2400.9417112365136,3970.0,
DRAMP29017,IKLSPⓍTKDⓍLKKVLKGⓍIKGⓍIAVAKMV,IKLSPXTKDXLKKVLKGXIKGXIAVAKMV,IKLSPXTKDXLKKVLKGXIKGXIAVAKMVNH2,Free,Amidation,1,29,3170.0640000000008,0.8517241379310344,6.995,0.0,10.398315238952637,0.0,0.2413793103448276,948.9650000000001,0.26666666666666666,0.015,0.7183333333333334,505.2171979715258,9.883789768467079,3,1112.1448974609375,2390.9907408859885,3946.2,
DRAMP29019,IKLSKⓍTKDⓍLKKVLKGAIKGAIAVAKMV,IKLSKXTKDXLKKVLKGAIKGAIAVAKMV,IKLSKXTKDXLKKVLKGAIKGAIAVAKMVNH2,Free,Amidation,1,29,3088.9040000000005,0.6137931034482759,7.995,0.0,10.477417945861816,0.0,0.27586206896551724,671.454,0.19,0.04366666666666665,0.7663333333333333,226.5673333950514,9.533753946989885,2,1140.6512451171875,2324.210454936404,3950.7,
DRAMP29020,IKLSPⓍTKKⓍLKKVLKGAIKGAIAVAKMV,IKLSPXTKKXLKKVLKGAIKGAIAVAKMV,IKLSPXTKKXLKKVLKGAIKGAIAVAKMVNH2,Free,Amidation,1,29,3070.9330000000004,0.6793103448275862,8.994,0.0,10.845339012145995,0.0,0.27586206896551724,700.0609999999999,0.3829999999999999,0.014666666666666668,0.6023333333333334,575.6369792471232,10.742929479340075,1,1077.0028076171875,2463.5531181620604,4156.6,
DRAMP29021,IKLSKⓍTKKⓍLKKVLKGAIKGAIAVAKMV,IKLSKXTKKXLKKVLKGAIKGAIAVAKMV,IKLSKXTKKXLKKVLKGAIKGAIAVAKMVNH2,Free,Amidation,1,29,3101.9910000000004,0.6000000000000001,9.994,0.0,10.903296089172361,0.0,0.3103448275862069,671.454,0.42633333333333334,0.002,0.5716666666666665,773.2130979564031,11.719273515781458,1,1101.78173828125,2573.503431962294,4106.3,
DRAMP29022,IKLSKKTKKNLKKVLKGⓍIKGⓍIAVAKMV,IKLSKKTKKNLKKVLKGXIKGXIAVAKMV,IKLSKKTKKNLKKVLKGXIKGXIAVAKMVNH2,Free,Amidation,1,29,3202.1120000000005,0.22068965517241382,10.994,0.0,10.954419517517088,0.0,0.3448275862068966,709.9580000000001,0.2696666666666666,0.008,0.7223333333333332,619.5815799173171,10.808525815454963,1,1208.6072998046875,2629.987651525056,4113.7,
DRAMP29023,IKLSKETKKNLKKVLKGⓍIKGⓍIAVAKMV,IKLSKETKKNLKKVLKGXIKGXIAVAKMV,IKLSKETKKNLKKVLKGXIKGXIAVAKMVNH2,Free,Amidation,1,29,3203.0520000000006,0.23448275862068965,8.995,0.0,10.54433612823486,0.0,0.3103448275862069,709.9580000000001,0.42866666666666675,0.003333333333333333,0.568,704.7618362634643,11.129160338809298,1,1207.206787109375,2574.2978287826663,4095.9,
DRAMP29024,IKLSPⓍTKKⓍLKKVLKGⓍIKGⓍIAVAKMV,IKLSPXTKKXLKKVLKGXIKGXIAVAKMV,IKLSPXTKKXLKKVLKGXIKGXIAVAKMVNH2,Free,Amidation,1,29,3183.1510000000003,0.8379310344827585,8.994,0.0,10.845339012145995,0.0,0.27586206896551724,948.9650000000001,0.07766666666666665,0.010666666666666668,0.9116666666666672,903.9716442311133,11.352416871109197,1,1079.743896484375,2555.233540852732,4100.6,
DRAMP29025,IKLSKⓍTKKⓍLKKVLKGⓍIKGⓍIAVAKMV,IKLSKXTKKXLKKVLKGXIKGXIAVAKMV,IKLSKXTKKXLKKVLKGXIKGXIAVAKMVNH2,Free,Amidation,1,29,3214.2090000000003,0.7586206896551724,9.994,0.0,10.903296089172361,0.0,0.3103448275862069,920.358,0.32899999999999996,0.0013333333333333333,0.6696666666666666,231.97043255800682,9.782909990370879,3,1102.0987548828125,2439.6238473439134,4089.6,
DRAMP29026,IKLSKETKKNLKKVLKGⓍIKGⓍIAVAKMV,IKLSKETKKNLKKVLKGXIKGXIAVAKMV,IKLSKETKKNLKKVLKGXIKGXIAVAKMVNH2,Free,Amidation,1,29,3203.0520000000006,0.23448275862068965,8.995,0.0,10.54433612823486,0.0,0.3103448275862069,709.9580000000001,0.44199999999999995,0.016,0.5419999999999999,680.092400261946,11.025570223775624,0,1185.6888427734375,2543.4147694652456,4113.6,
DRAMP29027,IKLSKKTKKNLKKVLKGⓍIKGⓍIAVAKMV,IKLSKKTKKNLKKVLKGXIKGXIAVAKMV,IKLSKKTKKNLKKVLKGXIKGXIAVAKMVNH2,Free,Amidation,1,29,3202.1120000000005,0.22068965517241382,10.994,0.0,10.954419517517088,0.0,0.3448275862068966,709.9580000000001,0.28633333333333333,0.005333333333333333,0.7083333333333335,941.7913380059971,12.850731848991543,1,1237.81689453125,2712.3232356716203,4090.9,
DRAMP29032,KLLKKAGKLLKKⓏGKLLKKⓍG,KLLKKAGKLLKKZGKLLKKXG,KLLKKAGKLLKKR8GKLLKKXG,Free,Free,1,21,2389.1420000000003,0.09523809523809518,8.994,0.0,10.903296089172361,0.0,0.42857142857142855,693.5260000000001,0.2961904761904761,0.005714285714285714,0.6980952380952381,304.5693972464255,10.274590948872172,1,821.3822631835938,2015.0341374480809,4091.4,
DRAMP29033,KLLKKⓏGKLLKKⓍGKLLKKAG,KLLKKZGKLLKKXGKLLKKAG,KLLKKR8GKLLKKXGKLLKKAG,Free,Free,1,21,2389.142,0.09523809523809518,8.994,0.0,10.903296089172361,0.0,0.42857142857142855,755.7520000000002,0.3147619047619047,0.0,0.6852380952380953,344.447454649428,10.449326026729544,1,866.5363159179688,2087.9096238872303,4008.3,
DRAMP29235,TIEEQAKTⓍLDKⓍNHEAEDLFYQⓍSLAⓍWN,TIEEQAKTXLDKXNHEAEDLFYQXSLAXWN,TIEEQAKTXLDKXNHEAEDLFYQXSLAXWNNH2,Acylation,Amidation,1,30,3584.9549999999995,-0.33000000000000007,-2.9,0.1,4.3520708084106445,0.0,0.06666666666666667,631.558,0.38516129032258056,0.0,0.6148387096774194,542.2743985351549,10.481192009433746,2,1329.9122314453125,2430.3128388965765,4084.1,
DRAMP29236,TIEEQⓏKTFLDKⓍNHEAEDLⓏYQSSLAⓍWN,TIEEQZKTFLDKXNHEAEDLZYQSSLAXWN,TIEEQR8KTFLDKXNHEAEDLR8YQSSLAXWNNH2,Acylation,Amidation,1,30,3685.1159999999995,-0.05000000000000007,-2.9,0.1,4.3520708084106445,0.0,0.06666666666666667,616.1800000000001,0.13612903225806453,0.0006451612903225806,0.8632258064516131,686.3917908213288,9.861699278905627,3,1424.8756103515625,2451.57229020987,4087.7,
DRAMP29237,TIEEQAKTⓍLDKⓍNHEAEDLⓏYQSSLAⓍWN,TIEEQAKTXLDKXNHEAEDLZYQSSLAXWN,TIEEQAKTXLDKXNHEAEDLR8YQSSLAXWNNH2,Acylation,Amidation,1,30,3566.9369999999994,-0.2666666666666668,-2.9,0.06666666666666667,4.3520708084106445,0.0,0.06666666666666667,440.371,0.21322580645161293,0.009032258064516128,0.7777419354838712,495.1357844946615,9.908657465052606,5,1396.6583251953125,2364.2670642623307,4108.1,
DRAMP29238,TIEEQⓏKTFLDKⓍNHEAEDLFYQⓍSLAⓍWN,TIEEQZKTFLDKXNHEAEDLFYQXSLAXWN,TIEEQR8KTFLDKXNHEAEDLFYQXSLAXWNNH2,Acylation,Amidation,1,30,3703.1339999999996,-0.11333333333333345,-2.9,0.13333333333333333,4.3520708084106445,0.0,0.06666666666666667,807.3670000000001,0.2238709677419355,0.0032258064516129032,0.7729032258064515,648.2025877423251,10.158438483918282,2,1353.23583984375,2456.034733409579,4089.9,
PAPER_31427820_MAG1_15_K4R_A9K,GⓍGRFⓍHSKKKFGKAⓍVGEⓍBNS,GXGRFXHSKKKFGKAXVGEXBNS,GXGRFXHSKKKFGKAXVGEXBNSNH2,Free,Amidation,1,23,2538.0000000000005,-0.13913043478260875,5.095,0.08695652173913043,10.461623191833493,0.043478260869565216,0.17391304347826086,520.5409999999999,0.14375,0.0008333333333333333,0.8554166666666666,392.9726414968862,8.877009370381922,3,967.83154296875,1871.2291246233071,3982.2,
PAPER_31427820_MAG1_15_K4R_A9K_K10R,GⓍGRFⓍHSKRKFGKAⓍVGEⓍBNS,GXGRFXHSKRKFGKAXVGEXBNS,GXGRFXHSKRKFGKAXVGEXBNSNH2,Free,Amidation,1,23,2566.0140000000006,-0.16521739130434784,5.095,0.08695652173913043,11.097216987609862,0.08695652173913043,0.13043478260869565,520.5409999999999,0.34541666666666665,0.0008333333333333333,0.65375,470.309769134769,9.302124378618897,2,994.6427612304688,1901.8976567323498,3951.1,
PAPER_31427820_MAG1_15_K4H_A9K,GⓍGHFⓍHSKKKFGKAⓍVGEⓍBNS,GXGHFXHSKKKFGKAXVGEXBNS,GXGHFXHSKKKFGKAXVGEXBNSNH2,Free,Amidation,1,23,2518.953000000001,-0.08260869565217402,4.194,0.08695652173913043,10.001447868347167,0.0,0.17391304347826086,520.5409999999999,0.18666666666666668,0.004166666666666667,0.8091666666666668,299.9664760356616,8.557577570402282,2,896.7841796875,1806.1727027208458,3921.0,
PAPER_31427820_MAG1_15_K4H_A9K_K10H,GⓍGHFⓍHSKHKFGKAⓍVGEⓍBNS,GXGHFXHSKHKFGKAXVGEXBNS,GXGHFXHSKHKFGKAXVGEXBNSNH2,Free,Amidation,1,23,2527.9200000000005,-0.052173913043478376,3.293,0.08695652173913043,9.70341053009033,0.0,0.13043478260869565,520.5409999999999,0.2329166666666667,0.019166666666666665,0.7479166666666667,476.59755408046095,8.425956664807423,2,935.512451171875,1761.0766524473856,3943.9,
PAPER_31427820_MAG1_15_K4H_A9K_K10H_K11H,GⓍGHFⓍHSKHHFGKAⓍVGEⓍBNS,GXGHFXHSKHHFGKAXVGEXBNS,GXGHFXHSKHHFGKAXVGEXBNSNH2,Free,Amidation,1,23,2536.887,-0.021739130434782677,2.392,0.08695652173913043,8.619116783142093,0.0,0.08695652173913043,520.5409999999999,0.3508333333333332,0.0,0.6491666666666667,261.9153450508065,8.479975665945938,1,914.6141357421875,1765.6472953946502,3949.7,
PAPER_31427820_MAG1_15_A9K_B21A,GⓍGKFⓍHSKKKFGKAⓍVGEⓍANS,GXGKFXHSKKKFGKAXVGEXANS,GXGKFXHSKKKFGKAXVGEXANSNH2,Free,Amidation,1,23,2467.9050000000007,-0.13478260869565223,5.095,0.08695652173913043,10.176866340637208,0.0,0.21739130434782608,478.071,0.2325,0.0008333333333333333,0.7666666666666666,508.39297518813515,9.138871138459603,2,943.7704467773438,1865.6738071509362,4016.9,
PAPER_31427820_MAG1_15_A9K_B21A_N22K_S23K,GⓍGKFⓍHSKKKFGKAⓍVGEAKKK,GXGKFXHSKKKFGKAXVGEAKKK,GXGKFXHSKKKFGKAXVGEAKKKNH2,Free,Amidation,1,23,2524.0600000000004,-0.6347826086956523,8.094,0.08695652173913043,10.477417945861816,0.0,0.34782608695652173,396.14599999999996,0.4841666666666667,0.0,0.5158333333333333,453.6473586791861,10.563715561925687,2,980.9900512695312,2087.3717914557124,4086.2,
