DRAMP_ID,Sequence,Hiden_Sequence,stapep_seq,N_terminal_Modification,C_terminal_Modification,label,length,weight,hydrophobic_index,charge,aromaticity,isoelectric_point,fraction_arginine,fraction_lysine,lyticity_index,helix_percent,sheet_percent,loop_percent,mean_bfactor,mean_gyrate,num_hbonds,psa,sasa,elapsed_s,extraction_error
DRAMP21468,KFFⓀKLKⓀAVKKGFKKFAKV,KFFKKLKKAVKKGFKKFAKV,KFFKKLKKAVKKGFKKFAKVNH2,Free,Amidation,1,20.0,2381.0170000000003,-0.6199999999999999,10.994,0.2,10.954419517517088,0.0,0.5,389.369,0.0,0.0,1.0,214.20220982098894,18.236458760146018,0.0,929.4598999023438,2453.82635994604,42.2,
DRAMP21469,KFFⓀKLKKAVⓀKGFKKFAKV,KFFKKLKKAVKKGFKKFAKV,KFFKKLKKAVKKGFKKFAKVNH2,Free,Amidation,1,20.0,2381.0170000000003,-0.6199999999999999,10.994,0.2,10.954419517517088,0.0,0.5,389.369,0.01857142857142857,0.0,0.9814285714285714,518.2450299728778,15.35000126399537,0.0,913.9888916015625,2371.7824754914495,41.4,
DRAMP21470,KFFKⓀLKKAVKⓀGFKKFAKV,KFFKKLKKAVKKGFKKFAKV,KFFKKLKKAVKKGFKKFAKVNH2,Free,Amidation,1,20.0,2381.0170000000003,-0.6199999999999999,10.994,0.2,10.954419517517088,0.0,0.5,389.369,0.002857142857142857,0.0,0.9971428571428572,308.6890148156778,16.290486865848976,0.0,920.5735473632812,2364.111443723219,41.0,
DRAMP21471,KFFKKLⓀKAVⓀKGFKKFAKV,KFFKKLKKAVKKGFKKFAKV,KFFKKLKKAVKKGFKKFAKVNH2,Free,Amidation,1,20.0,2381.0170000000003,-0.6199999999999999,10.994,0.2,10.954419517517088,0.0,0.5,389.369,0.012857142857142855,0.0,0.9871428571428572,327.8349744593247,16.36411502922011,0.0,925.82861328125,2411.648912623994,41.2,
DRAMP21472,KFFKKLKⓀAVKⓀGFKKFAKV,KFFKKLKKAVKKGFKKFAKV,KFFKKLKKAVKKGFKKFAKVNH2,Free,Amidation,1,20.0,2381.0170000000003,-0.6199999999999999,10.994,0.2,10.954419517517088,0.0,0.5,389.369,0.0,0.0,1.0,302.7378417211701,17.45019039862842,0.0,935.5020751953125,2429.9774467291036,41.7,
DRAMP21473,KFFKKLKⓀAVKKGFⓀKFAKV,KFFKKLKKAVKKGFKKFAKV,KFFKKLKKAVKKGFKKFAKVNH2,Free,Amidation,1,20.0,2381.0170000000003,-0.6199999999999999,10.994,0.2,10.954419517517088,0.0,0.5,389.369,0.002857142857142857,0.0,0.9971428571428572,497.18473094967413,14.42264353445835,0.0,932.9845581054688,2404.6175371713775,41.0,
DRAMP21474,KFFKKLKKAVⓀKGFⓀKFAKV,KFFKKLKKAVKKGFKKFAKV,KFFKKLKKAVKKGFKKFAKVNH2,Free,Amidation,1,20.0,2381.0170000000003,-0.6199999999999999,10.994,0.2,10.954419517517088,0.0,0.5,389.369,0.0,0.0,1.0,451.9947810385761,16.32820787075982,0.0,934.2098999023438,2438.4133670580577,41.1,
DRAMP21475,KFFKKLKKAVKⓀGFKKFAⓀV,KFFKKLKKAVKKGFKKFAKV,KFFKKLKKAVKKGFKKFAKVNH2,Free,Amidation,1,20.0,2381.0170000000003,-0.6199999999999999,10.994,0.2,10.954419517517088,0.0,0.5,389.369,0.014285714285714285,0.0,0.9857142857142857,418.24881520520364,13.1131813882879,0.0,913.2400512695312,2294.3463320252895,41.1,
DRAMP21476,KFFKKLKKAVKⓀGFKⓀFAKV,KFFKKLKKAVKKGFKKFAKV,KFFKKLKKAVKKGFKKFAKVNH2,Free,Amidation,1,20.0,2381.0170000000003,-0.6199999999999999,10.994,0.2,10.954419517517088,0.0,0.5,389.369,0.007142857142857142,0.0,0.9928571428571429,420.451617383466,15.6321106862915,0.0,922.4691162109375,2361.7608872466294,41.2,
DRAMP21477,KFFKKLKKAVKKGFⓀKFAⓀV,KFFKKLKKAVKKGFKKFAKV,KFFKKLKKAVKKGFKKFAKVNH2,Free,Amidation,1,20.0,2381.0170000000003,-0.6199999999999999,10.994,0.2,10.954419517517088,0.0,0.5,389.369,0.0,0.0,1.0,573.1887777094696,16.14460262097858,0.0,935.9747924804688,2437.2538066566544,41.1,
DRAMP21478,KFFKKLKKAVKⓀGFKⓀFAKV,KFFKKLKKAVKKGFKKFAKV,KFFKKLKKAVKKGFKKFAKVNH2,Free,Amidation,1,20.0,2381.0170000000003,-0.6199999999999999,10.994,0.2,10.954419517517088,0.0,0.5,389.369,0.01,0.0,0.99,285.79004912641295,15.706994839841434,0.0,926.2420043945312,2374.18865455984,41.0,
DRAMP21479,KFFKKLKKAVKⓀGFKⓀFAKV,KFFKKLKKAVKKGFKKFAKV,KFFKKLKKAVKKGFKKFAKVNH2,Free,Amidation,1,20.0,2381.0170000000003,-0.6199999999999999,10.994,0.2,10.954419517517088,0.0,0.5,389.369,0.0,0.0,1.0,431.62011414512955,14.735111724777939,0.0,928.24951171875,2428.654524016708,42.3,
DRAMP21480,KFFKKLKKAVKⓀGFKⓀFAKV,KFFKKLKKAVKKGFKKFAKV,KFFKKLKKAVKKGFKKFAKVNH2,Free,Amidation,1,20.0,2381.0170000000003,-0.6199999999999999,10.994,0.2,10.954419517517088,0.0,0.5,389.369,0.002857142857142857,0.0,0.9971428571428572,399.2264564844169,15.555429452218146,0.0,926.9645385742188,2405.7622583659204,42.0,
DRAMP21482,KKKKKKAAFⓍAWAⓍFAA,KKKKKKAAFXAWAXFAA,KKKKKKAAFXAWAXFAANH2,Free,Amidation,1,17.0,1930.406,0.017647058823529363,6.995,0.17647058823529413,10.699318122863769,0.0,0.35294117647058826,504.164,0.14277777777777778,0.0,0.8572222222222223,277.2584712965613,11.71449378183632,0.0,705.4923095703125,1808.6652776653189,44.9,
DRAMP21483,KKKKKKAGFⓍAWAⓍFGA,KKKKKKAGFXAWAXFGA,KKKKKKAGFXAWAXFGANH2,Free,Amidation,1,17.0,1902.3519999999999,-0.24117647058823533,6.995,0.17647058823529413,10.699318122863769,0.0,0.35294117647058826,491.336,0.0,0.055,0.945,131.29677165147538,10.279564116465693,0.0,715.6864624023438,1719.5370464381992,44.4,
DRAMP21484,KKKKKKAGFⓍAWGⓍFGA,KKKKKKAGFXAWGXFGA,KKKKKKAGFXAWGXFGANH2,Free,Amidation,1,17.0,1888.3250000000003,-0.37058823529411766,6.995,0.17647058823529413,10.699318122863769,0.0,0.35294117647058826,478.50800000000004,0.0,0.006666666666666666,0.9933333333333334,376.9513793479217,9.382227598487278,0.0,704.5704345703125,1679.7977310488654,44.3,
DRAMP21485,KKKKKKNGFⓍAWGⓍFGA,KKKKKKNGFXAWGXFGA,KKKKKKNGFXAWGXFGANH2,Free,Amidation,1,17.0,1931.35,-0.6823529411764705,6.995,0.17647058823529413,10.699318122863769,0.0,0.35294117647058826,434.56699999999995,0.011111111111111112,0.0011111111111111111,0.9877777777777778,219.40204031070567,11.711087563308563,0.0,777.582763671875,1861.193070251743,43.9,
DRAMP21486,VNWKKⓍLGKⓍIKVVK,VNWKKXLGKXIKVVK,VNWKKXLGKXIKVVKNH2,Free,Amidation,1,15.0,1776.2879999999996,0.31999999999999995,5.995,0.06666666666666667,10.602422142028807,0.0,0.3333333333333333,441.22300000000007,0.0,0.0025,0.9975,198.519124827032,8.927967746241878,0.0,674.2880859375,1617.1158345870417,44.3,
DRAMP21487,VNWKKILGKⓍIKVⓍK,VNWKKILGKXIKVXK,VNWKKILGKXIKVXKNH2,Free,Amidation,1,15.0,1790.3149999999996,0.33999999999999997,5.995,0.06666666666666667,10.602422142028807,0.0,0.3333333333333333,454.681,0.0,0.0,1.0,209.62050854386135,10.14603960587297,2.0,666.8856811523438,1663.8055592314445,45.2,
DRAMP21488,VⓍWKKⓍLGKIIKVVK,VXWKKXLGKIIKVVK,VXWKKXLGKIIKVVKNH2,Free,Amidation,1,15.0,1775.3439999999996,0.8533333333333333,5.995,0.06666666666666667,10.602422142028807,0.0,0.3333333333333333,452.639,0.0,0.0,1.0,199.0813717755726,9.607730128499696,0.0,628.691650390625,1614.6714285971661,44.1,
DRAMP21489,VNⓍKKIⓍGKⓍIKVⓍK,VNXKKIXGKXIKVXK,VNXKKIXGKXIKVXKNH2,Free,Amidation,1,15.0,1745.317,0.6933333333333332,5.995,0.0,10.602422142028807,0.0,0.3333333333333333,490.875,0.18625,0.0,0.81375,169.59115742604993,8.409161468992654,0.0,623.4833374023438,1498.313847277465,41.7,
DRAMP21490,VNⓏKKILGKⓍIKVVK,VNZKKILGKXIKVVK,VNR8KKILGKXIKVVKNH2,Free,Amidation,1,15.0,1745.3149999999998,1.0466666666666664,5.995,0.0,10.602422142028807,0.0,0.3333333333333333,477.9430000000001,0.0,0.0,1.0,144.8667548776579,11.405774092140346,0.0,670.4115600585938,1660.4419538432312,43.9,
DRAMP21491,VNⓏKKILGKⓍIKVVK,VNZKKILGKXIKVVK,VNR8KKILGKXIKVVKNH2,Free,Amidation,1,15.0,1745.3149999999998,1.0466666666666664,5.995,0.0,10.602422142028807,0.0,0.3333333333333333,477.9430000000001,0.0,0.0,1.0,69.30304669336395,10.343209801751026,0.0,659.1234741210938,1618.4045991002654,43.4,
DRAMP21492,VNⓍKKIⓍPKⓍIKVⓍK,VNXKKIXPKXIKVXK,VNXKKIXPKXIKVXKNH2,Free,Amidation,1,15.0,1785.3819999999996,0.6133333333333333,5.995,0.0,10.602422142028807,0.0,0.3333333333333333,499.468,0.069375,0.0,0.930625,170.27747482043205,8.420645745133594,2.0,616.5046997070312,1507.5337683366017,44.6,
DRAMP21493,VNⓍKKIⓍPKⓍIKVⓍK,VNXKKIXPKXIKVXK,VNXKKIXPKXIKVXKNH2,Free,Amidation,1,15.0,1785.3819999999996,0.6133333333333333,5.995,0.0,10.602422142028807,0.0,0.3333333333333333,499.468,0.095625,0.0,0.904375,109.93622225102116,7.958734469888048,1.0,618.4074096679688,1472.0746274171718,43.4,
DRAMP21495,GFLSILKKVLPKⓍJAHⓍK,GFLSILKKVLPKXJAHXK,GFLSILKKVLPKXBAHXKNH2,Free,Amidation,1,18.0,2028.5869999999998,0.7555555555555555,5.094,0.05555555555555555,10.477740287780762,0.0,0.2222222222222222,610.654,0.0,0.0,1.0,297.3283299372709,12.249791945237737,1.0,717.1537475585938,1902.7414539323602,42.1,
DRAMP21496,GFLSⓍLKKⓍLPKVJAHJK,GFLSXLKKXLPKVJAHJK,GFLSXLKKXLPKVBAHBKNH2,Free,Amidation,1,18.0,2028.5869999999998,0.6333333333333333,5.094,0.05555555555555555,10.477740287780762,0.0,0.2222222222222222,633.816,0.0,0.0,1.0,190.6966982047903,9.020972949789131,1.0,689.766845703125,1744.8317730899223,44.1,
DRAMP21497,GFLSⓍLKKⓍLPKⓍJAHⓍK,GFLSXLKKXLPKXJAHXK,GFLSXLKKXLPKXBAHXKNH2,Free,Amidation,1,18.0,2070.6699999999996,0.7277777777777777,5.094,0.05555555555555555,10.477740287780762,0.0,0.2222222222222222,716.677,0.015789473684210527,0.0,0.9842105263157894,197.7850004172433,10.728895928855723,2.0,685.3173828125,1853.7060822081319,44.2,
DRAMP21498,GFⓏSILKKVⓍPKVJAHJK,GFZSILKKVXPKVJAHJK,GFR8SILKKVXPKVBAHBKNH2,Free,Amidation,1,18.0,2056.641,1.0000000000000002,5.094,0.05555555555555555,10.477740287780762,0.0,0.2222222222222222,602.433,0.0,0.0,1.0,264.5443922255538,10.389324370159043,0.0,689.8850708007812,1845.486346687631,44.6,
DRAMP21499,GFⓏSILKKVⓍPKVJAHJK,GFZSILKKVXPKVJAHJK,GFR8SILKKVXPKVBAHBKNH2,Free,Amidation,1,18.0,2056.641,1.0000000000000002,5.094,0.05555555555555555,10.477740287780762,0.0,0.2222222222222222,602.433,0.022105263157894735,0.0010526315789473684,0.9768421052631578,227.8641117107811,10.37886800738691,0.0,685.9835205078125,1817.3378719064751,43.6,
DRAMP21500,GFLSⓍLKKⓍLGKⓍJAHⓍK,GFLSXLKKXLGKXJAHXK,GFLSXLKKXLGKXBAHXKNH2,Free,Amidation,1,18.0,2030.6049999999998,0.7944444444444442,5.094,0.05555555555555555,10.477740287780762,0.0,0.2222222222222222,699.491,0.030526315789473683,0.0,0.9694736842105263,142.61385889999536,8.944564867031417,3.0,709.747802734375,1705.4370490601186,42.5,
DRAMP21501,GFLSⓍLKKⓍLAKⓍJAHⓍK,GFLSXLKKXLAKXJAHXK,GFLSXLKKXLAKXBAHXKNH2,Free,Amidation,1,18.0,2044.6319999999998,0.9166666666666666,5.094,0.05555555555555555,10.477740287780762,0.0,0.2222222222222222,705.905,0.0,0.0,1.0,133.31475361187717,9.589362596532942,1.0,686.4734497070312,1762.0921350567303,44.3,
DRAMP21502,IDWKKLLⓀAAKⒼIL,IDWKKLLKAAKGIL,AcIDWKKLLKAAKGILNH2,Acetylation,Amidation,1,14.0,1601.9549999999997,0.2571428571428571,3.996,0.07142857142857142,10.00138339996338,0.0,0.2857142857142857,268.077,0.0,0.0,1.0,271.18723299457235,9.410898300652082,0.0,602.4525756835938,1553.440371149829,41.6,
DRAMP21503,IⓀWKKLLⒼAAKQIL,IKWKKLLGAAKQIL,AcIKWKKLLGAAKQILNH2,Acetylation,Amidation,1,14.0,1614.9979999999998,0.2571428571428572,4.995,0.07142857142857142,10.477740287780762,0.0,0.2857142857142857,264.87,0.0,0.0,1.0,236.7418623083177,12.006504916291137,0.0,624.364501953125,1646.9661332108321,41.5,
DRAMP21504,ⓍIGKⓍLHSAKKFGKAFVGEIJNS,XIGKXLHSAKKFGKAFVGEIJNS,XIGKXLHSAKKFGKAFVGEIBNSNH2,Free,Amidation,1,23.0,2480.942000000001,0.35217391304347817,4.095,0.08695652173913043,10.00138339996338,0.0,0.17391304347826086,570.2729999999999,0.10999999999999996,0.0008333333333333333,0.8891666666666664,698.7288639829768,12.744123217166969,1.0,956.2703247070312,2162.376132709979,44.0,
DRAMP21505,GⓍGKFⓍHSAKKFGKAFVGEIJNS,GXGKFXHSAKKFGKAFVGEIJNS,GXGKFXHSAKKFGKAFVGEIBNSNH2,Free,Amidation,1,23.0,2458.8510000000006,0.09565217391304345,4.095,0.13043478260869565,10.00138339996338,0.0,0.17391304347826086,581.752,0.09000000000000002,0.0,0.9100000000000001,440.92942864322686,15.58256615115821,0.0,949.1461181640625,2234.918480243678,43.9,
DRAMP21506,GIⓍKFLⓍSAKKFGKAFVGEIJNS,GIXKFLXSAKKFGKAFVGEIJNS,GIXKFLXSAKKFGKAFVGEIBNSNH2,Free,Amidation,1,23.0,2490.9770000000008,0.6130434782608696,3.996,0.13043478260869565,10.00138339996338,0.0,0.17391304347826086,623.334,0.06958333333333334,0.013333333333333334,0.9170833333333333,577.0755893622888,11.053414537498739,1.0,919.84521484375,2035.8653117406516,44.4,
DRAMP21507,GIGⓍFLHⓍAKKFGKAFVGEIJNS,GIGXFLHXAKKFGKAFVGEIJNS,GIGXFLHXAKKFGKAFVGEIBNSNH2,Free,Amidation,1,23.0,2469.9180000000006,0.6608695652173913,3.095,0.13043478260869565,9.703152656555176,0.0,0.13043478260869565,750.2280000000001,0.0,0.0008333333333333333,0.9991666666666665,729.7288419316247,13.444290953376008,2.0,881.7044677734375,2172.8241662404716,44.2,
DRAMP21508,GIGKⓍLHSⓍKKFGKAFVGEIJNS,GIGKXLHSXKKFGKAFVGEIJNS,GIGKXLHSXKKFGKAFVGEIBNSNH2,Free,Amidation,1,23.0,2466.915000000001,0.25652173913043474,4.095,0.08695652173913043,10.00138339996338,0.0,0.17391304347826086,660.405,0.06958333333333334,0.0,0.9304166666666667,483.3786955417161,14.391865465814396,0.0,958.9286499023438,2248.6891945812513,42.6,
DRAMP21509,GIGKFⓍHSAⓍKFGKAFVGEIJNS,GIGKFXHSAXKFGKAFVGEIJNS,GIGKFXHSAXKFGKAFVGEIBNSNH2,Free,Amidation,1,23.0,2443.8360000000002,0.4608695652173912,3.095,0.13043478260869565,9.703152656555176,0.0,0.13043478260869565,656.0999999999999,0.06875,0.021666666666666664,0.9095833333333334,416.9903152234794,11.15601682673726,2.0,912.215087890625,2035.7527097122836,43.9,
DRAMP21510,GIGKFLⓍSAKⓍFGKAFVGEIJNS,GIGKFLXSAKXFGKAFVGEIJNS,GIGKFLXSAKXFGKAFVGEIBNSNH2,Free,Amidation,1,23.0,2419.8540000000003,0.7652173913043478,2.997,0.13043478260869565,9.703023719787598,0.0,0.13043478260869565,660.8610000000001,0.0,0.0016666666666666666,0.9983333333333334,873.8473083017003,11.942590295217101,0.0,916.2925415039062,2126.6701354046377,44.6,
DRAMP21511,GIGKFLHⓍAKKⓍGKAFVGEIJNS,GIGKFLHXAKKXGKAFVGEIJNS,GIGKFLHXAKKXGKAFVGEIBNSNH2,Free,Amidation,1,23.0,2450.916,0.3695652173913042,4.095,0.08695652173913043,10.00138339996338,0.0,0.17391304347826086,668.04,0.011666666666666665,0.06,0.9283333333333335,289.7751191504674,10.357557750972276,0.0,929.8278198242188,2036.664418539977,44.9,
DRAMP21512,GIGKFLHSⓍKKFⓍKAFVGEIJNS,GIGKFLHSXKKFXKAFVGEIJNS,GIGKFLHSXKKFXKAFVGEIBNSNH2,Free,Amidation,1,23.0,2557.040000000001,0.39565217391304336,4.095,0.13043478260869565,10.00138339996338,0.0,0.17391304347826086,747.7860000000001,0.006666666666666666,0.035,0.9583333333333335,547.0201225001493,10.709778761492283,0.0,962.0703125,2102.416700317384,44.9,
DRAMP21513,GIGKFLHSAⓍKFGⓍAFVGEIJNS,GIGKFLHSAXKFGXAFVGEIJNS,GIGKFLHSAXKFGXAFVGEIBNSNH2,Free,Amidation,1,23.0,2428.821,0.7956521739130435,2.096,0.13043478260869565,8.598486900329593,0.0,0.08695652173913043,762.9770000000001,0.0,0.07333333333333333,0.9266666666666665,392.2388721927679,9.75751704102386,0.0,887.3036499023438,1854.1778643296298,44.4,
DRAMP21514,GIGKFLHSAKⓍFGKⓍFVGEIJNS,GIGKFLHSAKXFGKXFVGEIJNS,GIGKFLHSAKXFGKXFVGEIBNSNH2,Free,Amidation,1,23.0,2485.9170000000004,0.5478260869565217,3.095,0.13043478260869565,9.703152656555176,0.0,0.13043478260869565,651.24,0.005,0.021666666666666664,0.9733333333333333,731.1341523839366,12.008802175399651,1.0,936.7052001953125,2180.07559799995,43.7,
DRAMP21515,GIGKFLHSAKKⓍGKAⓍVGEIJNS,GIGKFLHSAKKXGKAXVGEIJNS,GIGKFLHSAKKXGKAXVGEIBNSNH2,Free,Amidation,1,23.0,2390.817,0.21304347826086953,4.095,0.043478260869565216,10.00138339996338,0.0,0.17391304347826086,551.5319999999999,0.0,0.0,1.0,459.7296417624049,12.167382991958295,1.0,938.226318359375,2084.573114939893,43.7,
DRAMP21516,GIGKFLHSAKKFⓍKAFⓍGEIJNS,GIGKFLHSAKKFXKAFXGEIJNS,GIGKFLHSAKKFXKAFXGEIBNSNH2,Free,Amidation,1,23.0,2528.986000000001,0.29130434782608683,4.095,0.13043478260869565,10.00138339996338,0.0,0.17391304347826086,686.4390000000001,0.04916666666666668,0.0008333333333333333,0.95,522.975581798732,11.240920796921907,0.0,946.759033203125,2181.3127311057183,44.0,
DRAMP21517,GIGKFLHSAKKFGⓍAFVⓍEIJNS,GIGKFLHSAKKFGXAFVXEIJNS,GIGKFLHSAKKFGXAFVXEIBNSNH2,Free,Amidation,1,23.0,2499.9440000000004,0.643478260869565,3.095,0.13043478260869565,9.703152656555176,0.0,0.13043478260869565,705.259,0.03,0.0025,0.9675,367.5873041045251,16.64016098434605,0.0,918.5885009765625,2296.5168938428824,44.3,
DRAMP21518,GIGKFLHSAKKFGKⓍFVGⓍIJNS,GIGKFLHSAKKFGKXFVGXIJNS,GIGKFLHSAKKFGKXFVGXIBNSNH2,Free,Amidation,1,23.0,2484.9770000000008,0.5304347826086956,5.094,0.13043478260869565,10.477740287780762,0.0,0.17391304347826086,714.6869999999999,0.0,0.0016666666666666666,0.9983333333333333,474.76864019516887,11.9825455546329,1.0,890.7650146484375,2095.0320447647596,44.4,
DRAMP21519,GIGKFLHSAKKFGKAⓍVGEⓍJNS,GIGKFLHSAKKFGKAXVGEXJNS,GIGKFLHSAKKFGKAXVGEXBNSNH2,Free,Amidation,1,23.0,2424.834,0.13913043478260861,4.095,0.08695652173913043,10.00138339996338,0.0,0.17391304347826086,564.565,0.0,0.027083333333333334,0.9729166666666668,501.21429161610797,13.070994929009485,1.0,933.708251953125,2125.941205294247,43.7,
DRAMP21520,GIGKFLHSAKKFGKAFⓍGEIⓍNS,GIGKFLHSAKKFGKAFXGEIXNS,GIGKFLHSAKKFGKAFXGEIXNSNH2,Free,Amidation,1,23.0,2472.878,0.17391304347826084,4.095,0.13043478260869565,10.00138339996338,0.0,0.17391304347826086,603.2349999999999,0.00375,0.0016666666666666666,0.9945833333333333,1012.4409444954614,12.573269965845846,0.0,963.8212280273438,2223.6358910515974,44.6,
DRAMP21521,GIGKFLHSAKKFGKAFVⓍEIJⓍS,GIGKFLHSAKKFGKAFVXEIJXS,GIGKFLHSAKKFGKAFVXEIBXSNH2,Free,Amidation,1,23.0,2514.0150000000003,0.626086956521739,4.095,0.13043478260869565,10.00138339996338,0.0,0.17391304347826086,657.654,0.0,0.013333333333333332,0.9866666666666666,603.916155651445,11.619137882948003,0.0,915.4915771484375,2205.1075830253885,44.9,
DRAMP21522,GIGKFLHSAKKFGKAFVGⓍIJNⓍ,GIGKFLHSAKKFGKAFVGXIJNX,GIGKFLHSAKKFGKAFVGXIBNXNH2,Free,Amidation,1,23.0,2468.9780000000005,0.6434782608695652,5.094,0.13043478260869565,10.477740287780762,0.0,0.17391304347826086,744.322,0.0,0.0,1.0,581.4500500304363,15.145920004373885,0.0,905.84912109375,2256.94315992836,42.3,
DRAMP21523,KIGKFLHSAKKFGKAⓍVGEⓍJNS,KIGKFLHSAKKFGKAXVGEXJNS,KIGKFLHSAKKFGKAXVGEXBNSNH2,Free,Amidation,1,23.0,2495.9570000000003,-0.013043478260869625,5.095,0.08695652173913043,10.176866340637208,0.0,0.21739130434782608,535.4380000000001,0.011666666666666665,0.0125,0.9758333333333333,1015.4887151149791,12.150237424571735,0.0,980.8181762695312,2198.486899892984,43.8,
DRAMP21524,GKGKFLHSAKKFGKAⓍVGEⓍJNS,GKGKFLHSAKKFGKAXVGEXJNS,GKGKFLHSAKKFGKAXVGEXBNSNH2,Free,Amidation,1,23.0,2439.849,-0.22608695652173919,5.095,0.08695652173913043,10.176866340637208,0.0,0.21739130434782608,472.01200000000006,0.0,0.04333333333333333,0.9566666666666666,322.7789683663217,12.532346666569353,1.0,985.02001953125,2067.045337379288,44.5,
DRAMP21525,GIKKFLHSAKKFGKAⓍVGEⓍJNS,GIKKFLHSAKKFGKAXVGEXJNS,GIKKFLHSAKKFGKAXVGEXBNSNH2,Free,Amidation,1,23.0,2495.9570000000003,-0.013043478260869625,5.095,0.08695652173913043,10.176866340637208,0.0,0.21739130434782608,541.1669999999999,0.00375,0.01,0.98625,374.1167794985296,13.763693327085273,1.0,985.2243041992188,2169.1174778656805,43.6,
DRAMP21526,GIGKKLHSAKKFGKAⓍVGEⓍJNS,GIGKKLHSAKKFGKAXVGEXJNS,GIGKKLHSAKKFGKAXVGEXBNSNH2,Free,Amidation,1,23.0,2405.8320000000003,-0.15217391304347833,5.095,0.043478260869565216,10.176866340637208,0.0,0.21739130434782608,453.96299999999997,0.05291666666666667,0.0075,0.9395833333333334,735.4837589184178,12.321991935399199,0.0,975.9530639648438,2150.4891697809885,44.7,
DRAMP21527,GIGKFKHSAKKFGKAⓍVGEⓍJNS,GIGKFKHSAKKFGKAXVGEXJNS,GIGKFKHSAKKFGKAXVGEXBNSNH2,Free,Amidation,1,23.0,2439.849,-0.19565217391304354,5.095,0.08695652173913043,10.176866340637208,0.0,0.21739130434782608,471.15,0.005,0.005,0.99,313.2506542206742,12.536021013486017,1.0,973.4075317382812,2027.5057079467397,43.8,
DRAMP21528,GIGKFLKSAKKFGKAⓍVGEⓍJNS,GIGKFLKSAKKFGKAXVGEXJNS,GIGKFLKSAKKFGKAXVGEXBNSNH2,Free,Amidation,1,23.0,2415.867,0.10869565217391304,4.996,0.08695652173913043,10.176866340637208,0.0,0.21739130434782608,564.565,0.0,0.054166666666666655,0.9458333333333334,523.146233435172,11.866075199649236,1.0,961.3634033203125,2073.0264791632253,44.4,
DRAMP21529,GIGKFLHKAKKFGKAⓍVGEⓍJNS,GIGKFLHKAKKFGKAXVGEXJNS,GIGKFLHKAKKFGKAXVGEXBNSNH2,Free,Amidation,1,23.0,2465.9310000000005,0.004347826086956458,5.095,0.08695652173913043,10.176866340637208,0.0,0.21739130434782608,564.565,0.0,0.010833333333333332,0.9891666666666667,476.36083651617264,13.235866284444631,2.0,963.1893310546875,2203.925847606992,44.3,
DRAMP21530,GIGKFLHSKKKFGKAⓍVGEⓍJNS,GIGKFLHSKKKFGKAXVGEXJNS,GIGKFLHSKKKFGKAXVGEXBNSNH2,Free,Amidation,1,23.0,2481.9300000000003,-0.10869565217391304,5.095,0.08695652173913043,10.176866340637208,0.0,0.21739130434782608,470.08500000000004,0.0,0.020833333333333336,0.9791666666666667,466.09388773480674,11.891116579743604,1.0,981.4651489257812,2090.364375753358,43.6,
DRAMP21531,GIGKFLHSAKKKGKAⓍVGEⓍJNS,GIGKFLHSAKKKGKAXVGEXJNS,GIGKFLHSAKKKGKAXVGEXBNSNH2,Free,Amidation,1,23.0,2405.8320000000003,-0.15217391304347827,5.095,0.043478260869565216,10.176866340637208,0.0,0.21739130434782608,436.45000000000005,0.0,0.01916666666666666,0.9808333333333334,507.02336680066537,13.93053724855788,2.0,990.0579833984375,2207.5421533859717,43.6,
DRAMP21532,GIGKFLHSAKKFKKAⓍVGEⓍJNS,GIGKFLHSAKKFKKAXVGEXJNS,GIGKFLHSAKKFKKAXVGEXBNSNH2,Free,Amidation,1,23.0,2495.9570000000003,-0.013043478260869625,5.095,0.08695652173913043,10.176866340637208,0.0,0.21739130434782608,513.753,0.0,0.0,1.0,529.4046591182928,14.392268432916921,0.0,994.0786743164062,2218.777131665357,43.7,
DRAMP21533,GIGKFLHSAKKFGKKⓍVGEⓍJNS,GIGKFLHSAKKFGKKXVGEXJNS,GIGKFLHSAKKFGKKXVGEXBNSNH2,Free,Amidation,1,23.0,2481.9300000000003,-0.10869565217391304,5.095,0.08695652173913043,10.176866340637208,0.0,0.21739130434782608,529.024,0.0,0.011666666666666665,0.9883333333333333,724.1478959801927,12.021169010180262,1.0,948.9625854492188,2058.2404771478996,43.8,
DRAMP21534,GIGKFLHSAKKFGKAⓍKGEⓍJNS,GIGKFLHSAKKFGKAXKGEXJNS,GIGKFLHSAKKFGKAXKGEXBNSNH2,Free,Amidation,1,23.0,2453.876,-0.2130434782608696,5.095,0.08695652173913043,10.176866340637208,0.0,0.21739130434782608,465.948,0.0,0.0008333333333333333,0.9991666666666668,300.99826385449745,13.560486032105626,0.0,992.7140502929688,2239.182013520573,43.7,
DRAMP21535,GIGKFLHSAKKFGKAⓍVKEⓍJNS,GIGKFLHSAKKFGKAXVKEXJNS,GIGKFLHSAKKFGKAXVKEXBNSNH2,Free,Amidation,1,23.0,2495.9570000000003,-0.013043478260869625,5.095,0.08695652173913043,10.176866340637208,0.0,0.21739130434782608,536.9159999999999,0.0,0.0016666666666666666,0.9983333333333334,401.1651256333296,14.007863708779707,0.0,996.4241333007812,2271.4488599450087,42.6,
DRAMP21536,GIGKFLHSAKKFGKAⓍVGKⓍJNS,GIGKFLHSAKKFGKAXVGKXJNS,GIGKFLHSAKKFGKAXVGKXBNSNH2,Free,Amidation,1,23.0,2423.8940000000002,0.12173913043478256,6.094,0.08695652173913043,10.602486610412598,0.0,0.21739130434782608,564.565,0.01375,0.003333333333333333,0.9829166666666665,386.94502766825065,13.781937362941738,1.0,925.0730590820312,2175.084701321911,45.4,
DRAMP21537,GIGKFLHSAKKFGKAⓍVGEⓍKNS,GIGKFLHSAKKFGKAXVGEXKNS,GIGKFLHSAKKFGKAXVGEXKNSNH2,Free,Amidation,1,23.0,2439.849,-0.13043478260869573,5.095,0.08695652173913043,10.176866340637208,0.0,0.21739130434782608,502.396,0.10041666666666665,0.0,0.8995833333333333,601.257043678833,13.882265432750376,0.0,991.2250366210938,2217.099542658666,44.3,
DRAMP21538,GIGKFLHSAKKFGKAⓍVGEⓍJKS,GIGKFLHSAKKFGKAXVGEXJKS,GIGKFLHSAKKFGKAXVGEXBKSNH2,Free,Amidation,1,23.0,2438.9049999999997,0.12173913043478253,5.095,0.08695652173913043,10.176866340637208,0.0,0.21739130434782608,564.565,0.0225,0.005833333333333333,0.9716666666666666,495.2978478856675,13.554886908047587,1.0,928.1460571289062,2214.764283245534,44.5,
DRAMP21539,GIGKFLHSAKKFGKAⓍVGEⓍJNK,GIGKFLHSAKKFGKAXVGEXJNK,GIGKFLHSAKKFGKAXVGEXBNKNH2,Free,Amidation,1,23.0,2465.931,0.004347826086956448,5.095,0.08695652173913043,10.176866340637208,0.0,0.21739130434782608,564.565,0.0,0.030000000000000006,0.9700000000000002,416.2317838385121,13.211391016142597,2.0,948.8590087890625,2103.9153245072857,44.5,
DRAMP21540,GⓍGSFⓍKKKAHVGKHⓍGKAⓍLTHYL,GXGSFXKKKAHVGKHXGKAXLTHYL,GXGSFXKKKAHVGKHXGKAXLTHYLNH2,Free,Amidation,1,25.0,2755.3059999999996,0.043999999999999935,6.29,0.08,10.30161266326904,0.0,0.2,646.7249999999999,0.051923076923076926,0.0,0.9480769230769229,553.6545973996285,14.129206050621638,1.0,1009.9104614257812,2353.0744003318996,44.2,
DRAMP21541,GⓍRKRⓍRKFRNKIKEKKKKIGQKⓍQGLⓍPKLA,GXRKRXRKFRNKIKEKKKKIGQKXQGLXPKLA,GXRKRXRKFRNKIKEKKKKIGQKXQGLXPKLANH2,Free,Amidation,1,32.0,3853.771,-1.13125,13.995,0.03125,11.999967765808105,0.125,0.3125,558.674,0.047272727272727265,0.0012121212121212121,0.9515151515151513,700.4868306123176,20.889806578492355,0.0,1669.2821044921875,3643.243181085324,45.3,
DRAMP21542,GⓍGKFⓍHSKKKFGKAⓍVGEⓍBNS,GXGKFXHSKKKFGKAXVGEXBNS,GXGKFXHSKKKFGKAXVGEXBNSNH2,Free,Amidation,1,23.0,2509.9860000000003,-0.11304347826086962,5.095,0.08695652173913043,10.176866340637208,0.0,0.21739130434782608,520.5409999999999,0.09125,0.016666666666666666,0.8920833333333335,494.771088831368,12.084536131763898,1.0,982.3084106445312,2170.6768211182803,41.7,
DRAMP21543,GⓍFSKⓍKGKKIKNLⓍISGⓍKG,GXFSKXKGKKIKNLXISGXKG,GXFSKXKGKKIKNLXISGXKGNH2,Free,Amidation,1,21.0,2280.8450000000003,0.09047619047619036,6.995,0.047619047619047616,10.699318122863769,0.0,0.2857142857142857,430.539,0.08181818181818182,0.022727272727272724,0.8954545454545453,271.20161595648443,10.62266147395013,2.0,880.1292114257812,1929.5273028545284,43.2,
DRAMP21544,GⓏGKFLHSⓍKKFGKAFVGEIJNS,GZGKFLHSXKKFGKAFVGEIJNS,GR8GKFLHSXKKFGKAFVGEIBNSNH2,Free,Amidation,1,23.0,2543.013,0.42173913043478245,4.095,0.13043478260869565,10.00138339996338,0.0,0.17391304347826086,735.342,0.0075,0.02,0.9725,482.61651151230336,12.405030051708268,1.0,953.7621459960938,2206.0344091685433,45.7,
DRAMP21545,GIⓏKFLHSAⓍKFGKAFVGEIJNS,GIZKFLHSAXKFGKAFVGEIJNS,GIR8KFLHSAXKFGKAFVGEIBNSNH2,Free,Amidation,1,23.0,2542.0250000000005,0.8826086956521739,3.095,0.13043478260869565,9.703152656555176,0.0,0.13043478260869565,677.684,0.035,0.0,0.965,610.7368876259262,10.896610202191006,2.0,890.451416015625,2040.4223940824113,45.2,
DRAMP21546,GIGⓏFLHSAKⓍFGKAFVGEIJNS,GIGZFLHSAKXFGKAFVGEIJNS,GIGR8FLHSAKXFGKAFVGEIBNSNH2,Free,Amidation,1,23.0,2470.902,1.034782608695652,2.096,0.13043478260869565,8.598486900329593,0.0,0.08695652173913043,623.173,0.0025,0.019166666666666665,0.9783333333333333,420.7796066298939,12.222433047218406,1.0,888.5244140625,2097.950209145892,44.6,
DRAMP21547,GIGKⓏLHSAKKⓍGKAFVGEIJNS,GIGKZLHSAKKXGKAFVGEIJNS,GIGKR8LHSAKKXGKAFVGEIBNSNH2,Free,Amidation,1,23.0,2432.898,0.4521739130434782,4.095,0.043478260869565216,10.00138339996338,0.0,0.17391304347826086,644.3879999999999,0.0,0.014166666666666666,0.9858333333333331,325.0273741693161,12.733789141386172,0.0,957.2014770507812,2200.6445808091607,44.0,
DRAMP21548,GIGKFⓏHSAKKFⓍKAFVGEIJNS,GIGKFZHSAKKFXKAFVGEIJNS,GIGKFR8HSAKKFXKAFVGEIBNSNH2,Free,Amidation,1,23.0,2557.04,0.5478260869565215,4.095,0.13043478260869565,10.00138339996338,0.0,0.17391304347826086,748.9559999999999,0.015833333333333335,0.0,0.9841666666666665,329.9806019576703,10.865479290478866,1.0,942.4663696289062,2116.371206037424,45.4,
DRAMP21549,GIGKFLⓏSAKKFGⓍAFVGEIJNS,GIGKFLZSAKKFGXAFVGEIJNS,GIGKFLR8SAKKFGXAFVGEIBNSNH2,Free,Amidation,1,23.0,2461.9350000000004,1.0043478260869565,2.997,0.13043478260869565,9.703023719787598,0.0,0.13043478260869565,667.5710000000001,0.09374999999999999,0.046666666666666655,0.8595833333333336,320.02278177233256,12.406329543209205,1.0,871.1970825195312,2065.512015624201,43.0,
DRAMP21550,GIGKFLHⓏAKKFGKⓍFVGEIJNS,GIGKFLHZAKKFGKXFVGEIJNS,GIGKFLHR8AKKFGKXFVGEIBNSNH2,Free,Amidation,1,23.0,2569.0950000000003,0.6521739130434783,4.095,0.13043478260869565,10.00138339996338,0.0,0.17391304347826086,771.398,0.005833333333333334,0.004166666666666667,0.9900000000000001,262.83690095712535,11.231096556103203,1.0,918.2799682617188,2162.4348444359343,43.1,
DRAMP21551,GIGKFLHSⓏKKFGKAⓍVGEIJNS,GIGKFLHSZKKFGKAXVGEIJNS,GIGKFLHSR8KKFGKAXVGEIBNSNH2,Free,Amidation,1,23.0,2508.996,0.4956521739130433,4.095,0.08695652173913043,10.00138339996338,0.0,0.17391304347826086,784.213,0.0,0.01,0.9900000000000001,372.26512898702964,10.61089950796487,1.0,938.7562255859375,2118.6101077698277,44.6,
DRAMP21552,GIGKFLHSAⓏKFGKAFⓍGEIJNS,GIGKFLHSAZKFGKAFXGEIJNS,GIGKFLHSAR8KFGKAFXGEIBNSNH2,Free,Amidation,1,23.0,2499.9440000000004,0.6826086956521741,3.095,0.13043478260869565,9.703152656555176,0.0,0.13043478260869565,737.421,0.00375,0.06999999999999999,0.9262500000000001,225.15508948670805,8.786839680110512,1.0,906.823486328125,1873.5539767597554,43.7,
DRAMP21553,GIGKFLHSAKⓏFGKAFVⓍEIJNS,GIGKFLHSAKZFGKAFVXEIJNS,GIGKFLHSAKR8FGKAFVXEIBNSNH2,Free,Amidation,1,23.0,2542.0250000000005,0.8826086956521738,3.095,0.13043478260869565,9.703152656555176,0.0,0.13043478260869565,657.4929999999999,0.07375,0.0,0.9262499999999999,305.6971354850163,10.387822851030005,0.0,887.7737426757812,2086.64189518147,43.8,
DRAMP21554,GIGKFLHSAKKⓏGKAFVGⓍIJNS,GIGKFLHSAKKZGKAFVGXIJNS,GIGKFLHSAKKR8GKAFVGXIBNSNH2,Free,Amidation,1,23.0,2450.96,0.726086956521739,5.094,0.08695652173913043,10.477740287780762,0.0,0.17391304347826086,729.7829999999999,0.025,0.014999999999999998,0.9600000000000002,312.01073636710237,10.70389171265852,1.0,925.9885864257812,2107.7958745831284,44.7,
DRAMP21555,GIGKFLHSAKKFⓏKAFVGEⓍJNS,GIGKFLHSAKKFZKAFVGEXJNS,GIGKFLHSAKKFR8KAFVGEXBNSNH2,Free,Amidation,1,23.0,2557.04,0.517391304347826,4.095,0.13043478260869565,10.00138339996338,0.0,0.17391304347826086,744.802,0.02125,0.0,0.97875,359.48053685175694,14.321396910178466,1.0,947.7113647460938,2272.1652615822263,43.9,
DRAMP21556,GIGKFLHSAKKFGⓏAFVGEIⓍNS,GIGKFLHSAKKFGZAFVGEIXNS,GIGKFLHSAKKFGR8AFVGEIXNSNH2,Free,Amidation,1,,,,,,,,,,,,,,,,,,0.8,"Traceback (most recent call last):
  File ""/mnt/c/Users/bioin/Documents/SVM_ESM_Peptides/Peptide-Anti-microbial-Properties-Prediction/sequence_to_svm_minimal/data/training_dataset/StaPep/run_amp_md_features.py"", line 201, in full_pipeline
    sim.run()
  File ""/home/bioin/miniconda3/envs/stap/lib/python3.9/site-packages/stapep/molecular_dynamics.py"", line 561, in run
    self.sim.step(self.nsteps)
  File ""/home/bioin/miniconda3/envs/stap/lib/python3.9/site-packages/openmm/app/simulation.py"", line 150, in step
    self._simulate(endStep=self.currentStep+steps)
  File ""/home/bioin/miniconda3/envs/stap/lib/python3.9/site-packages/openmm/app/simulation.py"", line 263, in _simulate
    self._generate_reports(unwrapped, False)
  File ""/home/bioin/miniconda3/envs/stap/lib/python3.9/site-packages/openmm/app/simulation.py"", line 282, in _generate_reports
    reporter.report(self, state)
  File ""/home/bioin/miniconda3/envs/stap/lib/python3.9/site-packages/parmed/openmm/reporters.py"", line 143, in report
    self._checkForErrors(simulation, state)
  File ""/home/bioin/miniconda3/envs/stap/lib/python3.9/site-packages/parmed/openmm/reporters.py"", line 266, in _checkForErrors
    raise ValueError('Energy is NaN') # pragma: no cover
ValueError: Energy is NaN
"
DRAMP21557,GIGKFLHSAKKFGKⓏFVGEIJⓍS,GIGKFLHSAKKFGKZFVGEIJXS,GIGKFLHSAKKFGKR8FVGEIBXSNH2,Free,Amidation,1,23.0,2542.0690000000004,0.7695652173913043,4.095,0.13043478260869565,10.00138339996338,0.0,0.17391304347826086,678.824,0.0375,0.0016666666666666666,0.9608333333333333,383.15758022010056,11.571614463253697,0.0,926.3021850585938,2203.6545798101283,44.1,
DRAMP21558,KⓍWKJⓍK,KXWKJXK,KXWKBXKNH2,Free,Amidation,1,7.0,938.2629999999999,-0.30000000000000016,3.995,0.14285714285714285,10.302063941955566,0.0,0.42857142857142855,194.328,0.0,0.0,1.0,13.011229687944269,6.442326920254482,0.0,330.16668701171875,898.8572487685627,41.9,
DRAMP21559,RⓍWKJⓍK,RXWKJXK,RXWKBXKNH2,Free,Amidation,1,7.0,966.277,-0.3857142857142858,3.995,0.14285714285714285,11.16626262664795,0.14285714285714285,0.2857142857142857,194.328,0.0,0.005,0.995,34.41529749838981,6.639765202508151,0.0,362.7297058105469,906.0974018335796,43.9,
DRAMP21560,KⓍWRJⓍK,KXWRJXK,KXWRBXKNH2,Free,Amidation,1,7.0,966.2769999999998,-0.3857142857142858,3.995,0.14285714285714285,11.16626262664795,0.14285714285714285,0.2857142857142857,194.328,0.0,0.0,1.0,9.129725247285515,7.129041397676219,0.0,364.01025390625,949.3691598481631,41.5,
DRAMP21561,KⓍWKJⓍR,KXWKJXR,KXWKBXRNH2,Free,Amidation,1,7.0,966.2769999999998,-0.38571428571428584,3.995,0.14285714285714285,11.16626262664795,0.14285714285714285,0.2857142857142857,194.328,0.0,0.0,1.0,21.025714486080062,6.56950458882957,0.0,354.16259765625,914.8273522650426,41.4,
DRAMP21562,RⓍWRJⓍK,RXWRJXK,RXWRBXKNH2,Free,Amidation,1,7.0,994.2909999999999,-0.4714285714285716,3.996,0.14285714285714285,11.999967765808105,0.2857142857142857,0.14285714285714285,194.328,0.0,0.0,1.0,9.476446450989402,7.305177811691112,0.0,403.4617614746094,982.8243418941902,44.9,
DRAMP21563,RⓍWKJⓍR,RXWKJXR,RXWKBXRNH2,Free,Amidation,1,7.0,994.2909999999999,-0.47142857142857153,3.996,0.14285714285714285,11.999967765808105,0.2857142857142857,0.14285714285714285,194.328,0.0,0.0,1.0,24.581883694810692,6.696721732772936,0.0,394.6936950683594,926.8212475474353,44.2,
DRAMP21564,KⓍWRJⓍR,KXWRJXR,KXWRBXRNH2,Free,Amidation,1,7.0,994.2909999999999,-0.47142857142857153,3.996,0.14285714285714285,11.999967765808105,0.2857142857142857,0.14285714285714285,194.328,0.0,0.0,1.0,21.118030825640755,6.7848204148900955,0.0,396.642578125,943.4206928842323,41.3,
DRAMP21565,RⓍWRJⓍR,RXWRJXR,RXWRBXRNH2,Free,Amidation,1,7.0,1022.3049999999997,-0.5571428571428573,3.996,0.14285714285714285,11.999967765808105,0.42857142857142855,0.0,194.328,0.0,0.0,1.0,5.413041232564161,6.501630690244042,0.0,432.5726318359375,912.6839131067204,43.4,
DRAMP21566,IDWKKⓍLDAⓍKQIL,IDWKKXLDAXKQIL,IDWKKXLDAXKQILNH2,Free,Amidation,1,14.0,1707.0939999999998,0.24999999999999994,1.996,0.07142857142857142,8.497529411315917,0.0,0.21428571428571427,422.088,0.0,0.0,1.0,107.39923736364365,9.133155158352473,0.0,642.7611083984375,1507.169289462524,43.5,
DRAMP21567,IDWKKⓍLNAⓍKQIL,IDWKKXLNAXKQIL,IDWKKXLNAXKQILNH2,Free,Amidation,1,14.0,1706.1099999999997,0.24999999999999994,2.996,0.07142857142857142,9.703023719787598,0.0,0.21428571428571427,422.088,0.016,0.0,0.9840000000000001,153.01568254566357,9.157818163511195,2.0,631.6279296875,1505.3373316485502,44.2,
DRAMP21568,IDWKKⓍLDAⓍKKIL,IDWKKXLDAXKKIL,IDWKKXLDAXKKILNH2,Free,Amidation,1,14.0,1707.138,0.2214285714285714,2.996,0.07142857142857142,9.528249931335449,0.0,0.2857142857142857,422.088,0.0,0.006666666666666666,0.9933333333333334,157.61046706272236,7.994153188882883,0.0,624.7235107421875,1449.9650640539785,43.8,
DRAMP21569,KⓍWKAⓍK,KXWKAXK,KXWKAXKNH2,Free,Amidation,1,7.0,896.182,-0.37142857142857155,3.995,0.14285714285714285,10.302063941955566,0.0,0.42857142857142855,173.09300000000002,0.0,0.0,1.0,5.22154722056372,6.775050063508101,0.0,319.40338134765625,886.755296665936,41.8,
DRAMP21570,KⓍWKLⓍK,KXWKLXK,KXWKLXKNH2,Free,Amidation,1,7.0,938.2629999999999,-0.08571428571428585,3.995,0.14285714285714285,10.302063941955566,0.0,0.42857142857142855,193.284,0.0,0.0,1.0,9.384186319393674,7.219765995506177,0.0,331.6894226074219,951.7826891694573,40.8,
DRAMP21571,KⓍWKVⓍK,KXWKVXK,KXWKVXKNH2,Free,Amidation,1,7.0,924.2359999999999,-0.02857142857142866,3.995,0.14285714285714285,10.302063941955566,0.0,0.42857142857142855,183.171,0.045,0.0025,0.9525,45.3450335461742,6.465234877681278,0.0,315.3924560546875,881.8155966428197,41.6,
DRAMP21572,KⓍWKIⓍK,KXWKIXK,KXWKIXKNH2,Free,Amidation,1,7.0,938.2629999999999,0.01428571428571417,3.995,0.14285714285714285,10.302063941955566,0.0,0.42857142857142855,189.9,0.18,0.0,0.82,9.349997747092816,6.6678129435754,0.0,323.3389892578125,918.4286358205911,40.5,
DRAMP21573,KⓍWKFⓍK,KXWKFXK,KXWKFXKNH2,Free,Amidation,1,7.0,972.28,-0.2285714285714287,3.995,0.2857142857142857,10.302063941955566,0.0,0.42857142857142855,199.01299999999998,0.0,0.0,1.0,5.1560097160616385,7.370361702496296,0.0,328.7877502441406,955.3742377721516,42.1,
DRAMP21574,KⓍWKWⓍK,KXWKWXK,KXWKWXKNH2,Free,Amidation,1,7.0,1011.3169999999997,-0.7571428571428572,3.995,0.2857142857142857,10.302063941955566,0.0,0.42857142857142855,202.49200000000002,0.0,0.0,1.0,10.567728666252268,7.270191712024199,0.0,344.4665832519531,989.5316050869919,42.4,
DRAMP21575,KⓍWKEⓍK,KXWKEXK,KXWKEXKNH2,Free,Amidation,1,7.0,954.2179999999998,-1.1285714285714288,2.997,0.14285714285714285,9.703023719787598,0.0,0.42857142857142855,135.566,0.0,0.0,1.0,25.60328688310822,6.2782219347790145,0.0,373.4793395996094,866.0928428088982,41.8,
DRAMP21576,KⓍWKKⓍK,KXWKKXK,KXWKKXKNH2,Free,Amidation,1,7.0,953.278,-1.1857142857142857,4.995,0.14285714285714285,10.477740287780762,0.0,0.5714285714285714,135.566,0.0,0.0,1.0,4.471867793536814,7.247519275805379,0.0,364.46405029296875,967.4590091601427,41.8,
DRAMP21578,WWVⓍARAⓍRR,WWVXARAXRR,WWVXARAXRRNH2,Acylation (Valerylamide),Amidation,1,10.0,1336.6349999999998,0.06999999999999992,3.996,0.2,11.999967765808105,0.3,0.0,298.738,0.0,0.0,1.0,51.30432379058142,8.78024923702545,0.0,535.734375,1231.3173196746566,44.2,
DRAMP21580,WWVⓍAFAⓍRRR,WWVXAFAXRRR,WWVXAFAXRRRNH2,Acylation (Caproylamide),Amidation,1,11.0,1483.8069999999998,0.3181818181818182,3.996,0.2727272727272727,11.999967765808105,0.2727272727272727,0.0,402.883,0.0,0.0,1.0,19.98778970947582,6.971533328001876,1.0,560.6395874023438,1185.9897115790434,44.6,
DRAMP21582,KⓍWKLⓍK,KXWKLXK,AcKXWKLXKNH2,Acetylation,Amidation,1,7.0,961.2529999999999,-0.08571428571428585,3.995,0.14285714285714285,10.302063941955566,0.0,0.42857142857142855,193.284,0.0,0.0,1.0,8.315554819735803,7.3665860265924685,0.0,333.3081359863281,994.7093481793679,44.3,
DRAMP21583,KⓍWKLⓍKGKⓍWKLⓍK,KXWKLXKGKXWKLXK,AcKXWKLXKGKXWKLXKNH2,Acetylation,Amidation,1,15.0,1956.5400000000002,-0.10666666666666673,6.995,0.13333333333333333,10.699318122863769,0.0,0.4,511.212,0.022941176470588232,0.0,0.9770588235294119,89.32683791544453,8.844107526591255,1.0,668.1652221679688,1685.318047945599,43.6,
DRAMP21584,KⓍWKLⓍKAKⓍWKLⓍK,KXWKLXKAKXWKLXK,AcKXWKLXKAKXWKLXKNH2,Acetylation,Amidation,1,15.0,1970.5670000000002,0.04000000000000001,6.995,0.13333333333333333,10.699318122863769,0.0,0.4,517.626,0.0,0.0058823529411764705,0.9941176470588234,140.38837741030932,11.948894969491715,0.0,672.1778564453125,1842.028444288082,43.2,
DRAMP21585,KⓍWKLⓍKBKⓍWKLⓍK,KXWKLXKBKXWKLXK,AcKXWKLXKBKXWKLXKNH2,Acetylation,Amidation,1,15.0,2012.648,0.07333333333333322,6.995,0.13333333333333333,10.699318122863769,0.0,0.4,560.096,0.0,0.0,1.0,62.2806418844178,9.492082423049872,0.0,672.447021484375,1791.6709143718194,41.7,
DRAMP21586,KⓍWKLⓍKPKⓍWKLⓍK,KXWKLXKPKXWKLXK,AcKXWKLXKPKXWKLXKNH2,Acetylation,Amidation,1,15.0,1996.6050000000002,-0.18666666666666668,6.995,0.13333333333333333,10.699318122863769,0.0,0.4,528.398,0.0,0.001176470588235294,0.9988235294117647,188.26016606478444,9.092028749690177,0.0,663.23486328125,1707.2866021308923,44.0,
DRAMP21587,KⓍWKLⓍKPKⓍWKLⓍK,KXWKLXKPKXWKLXK,AcKXWKLXKPKXWKLXKNH2,Acetylation,Amidation,1,15.0,1996.6050000000002,-0.18666666666666668,6.995,0.13333333333333333,10.699318122863769,0.0,0.4,528.398,0.0,0.0,1.0,292.33908545095915,10.444193151318034,1.0,659.6767578125,1857.5071482518304,43.2,
DRAMP21588,KⓍWKAⓍK,KXWKAXK,AcKXWKAXKNH2,Acetylation,Amidation,1,7.0,919.172,-0.37142857142857155,3.995,0.14285714285714285,10.302063941955566,0.0,0.42857142857142855,173.09300000000002,0.0,0.0,1.0,23.415621197633033,6.710319936398468,0.0,341.41473388671875,892.1722209805985,43.0,
DRAMP21589,KⓍWKAⓍK,KXWKAXK,KXWKAXKNH2,Free,Amidation,1,7.0,896.182,-0.37142857142857155,3.995,0.14285714285714285,10.302063941955566,0.0,0.42857142857142855,173.09300000000002,0.0,0.0,1.0,13.80751723499152,7.1672163198695396,0.0,324.306884765625,889.2516338879666,40.6,
DRAMP21590,KⓍAKWⓍK,KXAKWXK,AcKXAKWXKNH2,Acetylation,Amidation,1,7.0,919.172,-0.3714285714285715,3.995,0.14285714285714285,10.302063941955566,0.0,0.42857142857142855,173.09300000000002,0.12111111111111109,0.0,0.878888888888889,7.964866188377151,6.8276489810095775,2.0,332.0102844238281,906.6673319910238,43.0,
DRAMP21591,KⓍAKWⓍK,KXAKWXK,KXAKWXKNH2,Free,Amidation,1,7.0,896.182,-0.3714285714285715,3.995,0.14285714285714285,10.302063941955566,0.0,0.42857142857142855,173.09300000000002,0.0,0.0,1.0,41.82545558005533,6.806970834919189,1.0,328.2107849121094,855.689988255185,40.8,
DRAMP21592,KⓍWKLⓍK,KXWKLXK,AcKXWKLXKNH2,Acetylation,Amidation,1,7.0,961.2529999999999,-0.08571428571428585,3.995,0.14285714285714285,10.302063941955566,0.0,0.42857142857142855,193.284,0.0,0.0,1.0,26.0384060390968,7.151873931051119,0.0,325.24176025390625,956.8483907999762,41.8,
DRAMP21593,KⓍWKLⓍK,KXWKLXK,KXWKLXKNH2,Free,Amidation,1,7.0,938.2629999999999,-0.08571428571428585,3.995,0.14285714285714285,10.302063941955566,0.0,0.42857142857142855,193.284,0.025,0.0,0.975,18.091784893604565,6.980872677768954,0.0,324.93994140625,917.348533811851,41.4,
DRAMP21594,KⓍLKWⓍK,KXLKWXK,AcKXLKWXKNH2,Acetylation,Amidation,1,7.0,961.2529999999999,-0.08571428571428578,3.995,0.14285714285714285,10.302063941955566,0.0,0.42857142857142855,193.284,0.05333333333333334,0.0,0.9466666666666665,28.17156000144137,6.8603110949480435,0.0,334.112060546875,936.8776103182175,43.3,
DRAMP21595,KⓍLKWⓍK,KXLKWXK,KXLKWXKNH2,Free,Amidation,1,7.0,938.2629999999999,-0.08571428571428578,3.995,0.14285714285714285,10.302063941955566,0.0,0.42857142857142855,193.284,0.1575,0.0,0.8425,35.4159307803027,6.460747773797533,1.0,327.5104064941406,889.9328336591319,41.0,
DRAMP21597,KⓍAKAⓍKKAAKAAWK,KXAKAXKKAAKAAWK,AcKXAKAXKKAAKAAWKNH2,Acetylation,Amidation,1,15.0,1659.0520000000004,-0.35333333333333333,6.995,0.06666666666666667,10.699318122863769,0.0,0.4,280.217,0.027058823529411767,0.0,0.9729411764705881,264.06820249281714,10.521797254360521,1.0,671.9041137695312,1635.0978325983933,43.0,
DRAMP21598,KⓍAKAⓍKKⓍAKAⓍWK,KXAKAXKKXAKAXWK,AcKXAKAXKKXAKAXWKNH2,Acetylation,Amidation,1,15.0,1771.2700000000002,-0.046666666666666676,6.995,0.06666666666666667,10.699318122863769,0.0,0.4,466.895,0.09470588235294115,0.0,0.9052941176470591,127.94973231643554,8.571595355850587,2.0,648.0201416015625,1560.714525011374,41.9,
DRAMP21599,KⓍAKAⓍKKⓍAKWⓍAK,KXAKAXKKXAKWXAK,AcKXAKAXKKXAKWXAKNH2,Acetylation,Amidation,1,15.0,1771.2700000000002,-0.04666666666666671,6.995,0.06666666666666667,10.699318122863769,0.0,0.4,466.895,0.13470588235294115,0.0,0.865294117647059,98.35024232342171,8.558854680417685,1.0,641.7703857421875,1558.030317487662,40.9,
DRAMP21600,KⓍAKWⓍKKⓍAKAⓍAK,KXAKWXKKXAKAXAK,AcKXAKWXKKXAKAXAKNH2,Acetylation,Amidation,1,15.0,1771.2700000000002,-0.04666666666666671,6.995,0.06666666666666667,10.699318122863769,0.0,0.4,496.294,0.011764705882352941,0.002352941176470588,0.9858823529411765,70.12995722814094,7.765652115451892,1.0,655.1241455078125,1507.0908425110422,41.0,
DRAMP21601,KⓍWKAⓍKKⓍAKAⓍAK,KXWKAXKKXAKAXAK,AcKXWKAXKKXAKAXAKNH2,Acetylation,Amidation,1,15.0,1771.2700000000002,-0.04666666666666671,6.995,0.06666666666666667,10.699318122863769,0.0,0.4,466.895,0.05176470588235294,0.09529411764705881,0.8529411764705881,97.01534719801663,8.912751613282165,2.0,625.0823974609375,1525.5387311324291,41.2,
DRAMP21602,KⓍAKWⓍKKⓍAKAⓍAK,KXAKWXKKXAKAXAK,KXAKWXKKXAKAXAKNH2,Succinylation,Amidation,1,15.0,1748.2800000000002,-0.04666666666666671,6.995,0.06666666666666667,10.699318122863769,0.0,0.4,496.294,0.0,0.0,1.0,328.8959868359436,8.905360030797503,0.0,643.3462524414062,1590.6403620427197,44.4,
DRAMP21603,KⓍAKWⓍKKⓍAKAⓍAK,KXAKWXKKXAKAXAK,KXAKWXKKXAKAXAKNH2,Free,Amidation,1,15.0,1748.2800000000002,-0.04666666666666671,6.995,0.06666666666666667,10.699318122863769,0.0,0.4,496.294,0.0,0.0,1.0,99.08417629843264,8.248061343399415,2.0,647.5162963867188,1544.987451181972,43.4,
DRAMP21605,KⓍWKAⓍK,KXWKAXK,AcKXWKAXKNH2,Acetylation,Amidation,1,7.0,919.172,-0.37142857142857155,3.995,0.14285714285714285,10.302063941955566,0.0,0.42857142857142855,173.09300000000002,0.0,0.0,1.0,9.017076132121177,6.404641493425277,0.0,338.9992370605469,870.9997271799152,42.6,
DRAMP21607,KⓍAKWⓍK,KXAKWXK,AcKXAKWXKNH2,Acetylation,Amidation,1,7.0,919.172,-0.3714285714285715,3.995,0.14285714285714285,10.302063941955566,0.0,0.42857142857142855,173.09300000000002,0.0,0.008888888888888889,0.9911111111111112,20.91634588440389,7.160500899742475,1.0,343.376953125,904.6985604025,42.9,
DRAMP21609,KⓍWKLⓍK,KXWKLXK,AcKXWKLXKNH2,Acetylation,Amidation,1,7.0,961.2529999999999,-0.08571428571428585,3.995,0.14285714285714285,10.302063941955566,0.0,0.42857142857142855,193.284,0.0,0.0,1.0,17.696632371975298,7.450273118533083,0.0,337.62835693359375,985.0664246035011,43.2,
DRAMP21611,KⓍLKWⓍK,KXLKWXK,AcKXLKWXKNH2,Acetylation,Amidation,1,7.0,961.2529999999999,-0.08571428571428578,3.995,0.14285714285714285,10.302063941955566,0.0,0.42857142857142855,193.284,0.022222222222222223,0.0,0.9777777777777779,7.713038954560043,6.148177023704919,1.0,334.1166076660156,895.9083834199733,43.0,
DRAMP21613,KⓍWAKⓍA,KXWAKXA,AcKXWAKXANH2,Acetylation,Amidation,1,7.0,862.076,0.4428571428571428,2.995,0.14285714285714285,10.002737236022949,0.0,0.2857142857142857,177.793,0.0,0.011111111111111112,0.9888888888888888,11.630983889093683,6.432782984615174,0.0,311.7587585449219,838.3180211030276,44.0,
DRAMP21615,KⓍAWKⓍA,KXAWKXA,AcKXAWKXANH2,Acetylation,Amidation,1,7.0,862.076,0.4428571428571428,2.995,0.14285714285714285,10.002737236022949,0.0,0.2857142857142857,148.394,0.0,0.02,0.98,5.126583356878583,6.2302570457631905,0.0,311.54803466796875,827.6260429145588,43.0,
DRAMP21617,qqrkrkiwsⓚlapⓓgttlvklvagig,qqrkrkiwsklapdgttlvklvagig,QQRKRKIWSKLAPDGTTLVKLVAGIGNH2,Free,Amidation,1,26.0,2846.32,-0.33076923076923087,5.995,0.038461538461538464,11.166069221496581,0.07692307692307693,0.15384615384615385,509.32,0.18222222222222226,0.0,0.8177777777777777,466.9365045159085,18.478863266608798,0.0,1212.0697021484375,2603.20001800533,44.4,
DRAMP21619,PLIⓀLRLⒹRGQF,PLIKLRLDRGQF,PLIKLRLDRGQFNH2,Free,Amidation,1,12.0,1437.7209999999995,-0.26666666666666666,2.996,0.08333333333333333,10.840310478210448,0.16666666666666666,0.08333333333333333,145.59699999999998,0.18307692307692303,0.0,0.8169230769230771,154.96134819701385,9.025315687024802,0.0,594.8385620117188,1348.452326727107,41.8,
DRAMP21621,AAⓀLLPⒹLLAAP,AAKLLPDLLAAP,AAKLLPDLLAAPNH2,Free,Amidation,1,12.0,1174.416,0.9833333333333335,0.996,0.0,5.880357551574707,0.0,0.08333333333333333,366.38100000000003,0.0,0.0,1.0,196.6030879105656,8.463373650689862,0.0,415.22845458984375,1136.3984846575568,42.2,
DRAMP21623,KLALKALKⓀLKAⒹLKLA,KLALKALKKLKADLKLA,KLALKALKKLKADLKLANH2,Free,Amidation,1,17.0,1847.3519999999999,0.18235294117647052,5.995,0.0,10.301548194885253,0.0,0.35294117647058826,279.827,0.12277777777777775,0.0,0.8772222222222222,192.35768318198078,12.825310011123724,0.0,735.2744140625,1851.799430293336,42.7,
DRAMP21624,ⓍLAAⒿRHⓍ,XLAAJRHX,XLAABRHX,Free,Free,1,8.0,934.1649999999998,1.275,1.095,0.0,9.756532478332517,0.125,0.0,240.418,0.0,0.0,1.0,15.034781240022463,6.374474274493788,0.0,337.08721923828125,836.5375391491748,42.8,
DRAMP21625,ⓏLAAIRHⓍ,ZLAAIRHX,R8LAAIRHX,Free,Free,1,8.0,976.246,2.2375,1.095,0.0,9.756532478332517,0.125,0.0,289.038,0.0,0.0,1.0,11.980553781860504,6.913813045065692,0.0,334.4144592285156,858.4726835086724,44.7,
DRAMP21628,TLKQFⓍKGVⓍKWLVK,TLKQFXKGVXKWLVK,AcTLKQFXKGVXKWLVKNH2,Acetylation,Amidation,1,15.0,1834.2789999999998,0.39333333333333326,4.995,0.13333333333333333,10.477740287780762,0.0,0.26666666666666666,549.7740000000001,0.0,0.002352941176470588,0.9976470588235294,72.90317562287109,8.459568834119318,1.0,640.6927490234375,1542.7221550990234,43.8,
DRAMP21629,TLKQFⓍKGWⓍKDLVK,TLKQFXKGWXKDLVK,AcTLKQFXKGWXKDLVKNH2,Acetylation,Amidation,1,15.0,1850.2340000000002,-0.12000000000000008,3.996,0.13333333333333333,10.00138339996338,0.0,0.26666666666666666,529.24,0.024705882352941178,0.001176470588235294,0.9741176470588236,177.2074572335315,10.162711946088391,1.0,687.6883544921875,1677.9592814349087,45.3,
DRAMP21630,TLKQWⓍKGVⓍKDLVK,TLKQWXKGVXKDLVK,AcTLKQWXKGVXKDLVKNH2,Acetylation,Amidation,1,15.0,1802.1899999999998,-0.02666666666666666,3.996,0.06666666666666667,10.00138339996338,0.0,0.26666666666666666,485.19300000000004,0.008823529411764707,0.0,0.9911764705882353,229.26437436366456,9.06150312916786,1.0,688.1547241210938,1595.8667470449834,45.8,
DRAMP28986,ⓍIKKⓍLKSAKKFVKAFK,XIKKXLKSAKKFVKAFK,XIKKXLKSAKKFVKAFKNH2,Free,Amidation,1,17.0,2000.5819999999999,0.10588235294117654,7.994,0.11764705882352941,10.778420829772951,0.0,0.4117647058823529,412.344,0.051111111111111114,0.0,0.9488888888888889,282.26856543813227,12.247786541122943,0.0,732.355224609375,1864.0510134230526,42.4,
DRAMP28987,GIKKⓍLKSⓍKKFVKAFK,GIKKXLKSXKKFVKAFK,GIKKXLKSXKKFVKAFKNH2,Free,Amidation,1,17.0,1986.5549999999998,-0.023529411764705827,7.994,0.11764705882352941,10.778420829772951,0.0,0.4117647058823529,502.47600000000006,0.0,0.0,1.0,209.8247494878087,11.980700807881028,0.0,772.8488159179688,1894.351055151159,44.2,
DRAMP28988,GIKKFLKⓍAKKⓍVKAFK,GIKKFLKXAKKXVKAFK,GIKKFLKXAKKXVKAFKNH2,Free,Amidation,1,17.0,1970.5559999999996,0.12941176470588234,7.994,0.11764705882352941,10.778420829772951,0.0,0.4117647058823529,510.1109999999999,0.0,0.0,1.0,251.9908583383764,12.979004051529417,1.0,731.6856079101562,1951.6686056662531,44.2,
DRAMP28989,GIKKFLKSⓍKKFⓍKAFK,GIKKFLKSXKKFXKAFK,GIKKFLKSXKKFXKAFKNH2,Free,Amidation,1,17.0,2034.599,-0.10588235294117654,7.994,0.17647058823529413,10.778420829772951,0.0,0.4117647058823529,528.967,0.0,0.0,1.0,369.72818827087883,10.489172433223638,0.0,769.1167602539062,1954.8901769865709,44.5,
DRAMP28990,GIKKFLKSAKKⓍVKAⓍK,GIKKFLKSAKKXVKAXK,GIKKFLKSAKKXVKAXKNH2,Free,Amidation,1,17.0,1910.4569999999999,-0.08235294117647048,7.994,0.058823529411764705,10.778420829772951,0.0,0.4117647058823529,388.41,0.0,0.0011111111111111111,0.9988888888888888,277.7930222332537,11.366925795080089,1.0,747.2385864257812,1800.3503413656106,44.0,
DRAMP28991,GIKKⓏLKSAKKⓍVKAFK,GIKKZLKSAKKXVKAFK,GIKKR8LKSAKKXVKAFKNH2,Free,Amidation,1,17.0,1952.538,0.24117647058823538,7.994,0.058823529411764705,10.778420829772951,0.0,0.4117647058823529,486.45899999999995,0.003333333333333333,0.0,0.9966666666666667,154.5160638084156,11.019060304760613,1.0,754.2128295898438,1818.543216761619,44.7,
DRAMP28992,GIKKFLKⓏAKKFVKⓍFK,GIKKFLKZAKKFVKXFK,GIKKFLKR8AKKFVKXFKNH2,Free,Amidation,1,17.0,2088.735,0.5117647058823529,7.994,0.17647058823529413,10.778420829772951,0.0,0.4117647058823529,582.356,0.01,0.0,0.99,281.0396616171951,11.631121508934346,1.0,733.1178588867188,1970.1504509978033,45.2,
DRAMP28993,GIKKFLKSⓏKKFVKAⓍK,GIKKFLKSZKKFVKAXK,GIKKFLKSR8KKFVKAXKNH2,Free,Amidation,1,17.0,2028.6359999999993,0.3,7.994,0.11764705882352941,10.778420829772951,0.0,0.4117647058823529,621.091,0.08333333333333331,0.0011111111111111111,0.9155555555555555,96.17346697735972,8.808991509195547,1.0,760.0213012695312,1788.172661104179,45.0,
DRAMP28994,ⓍIKKⓍLKSAKKFVKAFK,XIKKXLKSAKKFVKAFK,XIKKXLKSAKKFVKAFKNH2,Hexanoylation,Amidation,1,17.0,2000.5819999999999,0.10588235294117654,7.994,0.11764705882352941,10.778420829772951,0.0,0.4117647058823529,412.344,0.11666666666666663,0.0,0.8833333333333333,253.3690710419403,10.352713316429229,2.0,744.7836303710938,1814.4825667369496,41.9,
DRAMP28995,ⓍIKKⓍLKSAKKFVKAFK,XIKKXLKSAKKFVKAFK,XIKKXLKSAKKFVKAFKNH2,Laurylation,Amidation,1,17.0,2000.5819999999999,0.10588235294117654,7.994,0.11764705882352941,10.778420829772951,0.0,0.4117647058823529,412.344,0.03222222222222222,0.0,0.9677777777777777,236.4588824478608,13.981788887409381,1.0,767.1127319335938,1964.7024501334006,41.3,
DRAMP28996,ⓍIKKⓍLKSAKKFVKAFK,XIKKXLKSAKKFVKAFK,XIKKXLKSAKKFVKAFKNH2,Stearylation,Amidation,1,17.0,2000.5819999999999,0.10588235294117654,7.994,0.11764705882352941,10.778420829772951,0.0,0.4117647058823529,412.344,0.06222222222222222,0.0,0.9377777777777777,204.4290933215227,13.701422669140454,0.0,754.075439453125,1936.2521944451478,41.1,
DRAMP28998,RⓍWWRⓍW,RXWWRXW,RXWWRXWNH2,Free,Amidation,1,7.0,1125.3839999999998,-0.5000000000000001,2.996,0.42857142857142855,11.999967765808105,0.2857142857142857,0.0,265.99,0.18,0.0,0.82,10.189293033040817,6.170674983957826,1.0,380.2830505371094,901.3631810411424,41.9,
DRAMP29000,WⓍKWWⓍK,WXKWWXK,WXKWWXKNH2,Free,Amidation,1,7.0,1069.3559999999998,-0.3285714285714286,2.995,0.42857142857142855,10.002737236022949,0.0,0.2857142857142857,265.99,0.0,0.0,1.0,35.10401552844354,6.420725350532982,0.0,328.2490539550781,939.3238549165741,43.8,
DRAMP29002,LⓍLRLⓍR,LXLRLXR,LXLRLXRNH2,Free,Amidation,1,7.0,906.2219999999998,1.5142857142857142,2.996,0.0,11.999967765808105,0.2857142857142857,0.0,230.872,0.025,0.005,0.97,19.719612751464208,6.067595048640501,0.0,350.4384460449219,828.5327298010831,41.0,
DRAMP29004,WⓍRRWⓍR,WXRRWXR,WXRRWXRNH2,Free,Amidation,1,7.0,1095.3589999999997,-1.0142857142857145,3.996,0.2857142857142857,11.999967765808105,0.42857142857142855,0.0,200.77800000000002,0.0,0.0,1.0,7.588804964401425,7.075643994756306,0.0,443.2169189453125,975.2631174033979,41.3,
DRAMP29007,GⓍFAVⓍKKVASVIKGL,GXFAVXKKVASVIKGL,AcGXFAVXKKVASVIKGLNH2,Acetylation,Amidation,1,16.0,1676.07,1.3874999999999997,3.995,0.0625,10.302063941955566,0.0,0.1875,484.356,0.0,0.015555555555555555,0.9844444444444445,419.94553319014244,9.126016066627605,1.0,612.2589111328125,1512.8794883885896,43.9,
DRAMP29008,GLFAⓍIKKⓍASVIKGL,GLFAXIKKXASVIKGL,AcGLFAXIKKXASVIKGLNH2,Acetylation,Amidation,1,16.0,1704.124,1.3812499999999996,3.995,0.0625,10.302063941955566,0.0,0.1875,552.533,0.05111111111111111,0.0,0.9488888888888889,311.2616293441629,10.41168933496957,2.0,613.9230346679688,1630.7179532934447,43.6,
DRAMP29009,GLFAVⓍKKVⓍSVIKGL,GLFAVXKKVXSVIKGL,AcGLFAVXKKVXSVIKGLNH2,Acetylation,Amidation,1,16.0,1718.1509999999998,1.5124999999999997,3.995,0.0625,10.302063941955566,0.0,0.1875,524.738,0.0,0.0077777777777777776,0.9922222222222223,167.81035435641604,8.260328855463996,0.0,598.3169555664062,1470.9234590065867,43.8,
DRAMP29010,GLFAVIKKⓍASVⓍKGL,GLFAVIKKXASVXKGL,AcGLFAVIKKXASVXKGLNH2,Acetylation,Amidation,1,16.0,1690.097,1.3624999999999998,3.995,0.0625,10.302063941955566,0.0,0.1875,532.346,0.0,0.041111111111111105,0.9588888888888889,210.37164186713255,8.180569332884993,1.0,588.4772338867188,1441.1564833623422,44.2,
DRAMP29011,GLFAVIKKVAⓍVIKⓍL,GLFAVIKKVAXVIKXL,AcGLFAVIKKVAXVIKXLNH2,Acetylation,Amidation,1,16.0,1758.2599999999998,1.9812499999999997,3.995,0.0625,10.302063941955566,0.0,0.1875,508.248,0.13555555555555557,0.0,0.8644444444444442,167.8327029983494,12.053289798584649,0.0,573.818603515625,1636.7617615419172,42.6,
DRAMP29012,GⓏFAVIKKⓍASVIKGL,GZFAVIKKXASVIKGL,AcGR8FAVIKKXASVIKGLNH2,Acetylation,Amidation,1,16.0,1732.1779999999999,1.75,3.995,0.0625,10.302063941955566,0.0,0.1875,573.1759999999999,0.0,0.0,1.0,274.62900894063614,10.607108853985098,1.0,614.301025390625,1607.869546601261,42.0,
DRAMP29013,GLFAVⓏKKVASVⓍKGL,GLFAVZKKVASVXKGL,AcGLFAVR8KKVASVXKGLNH2,Acetylation,Amidation,1,16.0,1718.151,1.6875,3.995,0.0625,10.302063941955566,0.0,0.1875,629.238,0.09222222222222222,0.0,0.907777777777778,208.00212435804065,9.702317529492248,2.0,605.94921875,1551.9510823854587,43.2,
DRAMP29015,IKLSPⓍTKDⓍLKKVLKGAIKGAIAVAKMV,IKLSPXTKDXLKKVLKGAIKGAIAVAKMV,IKLSPXTKDXLKKVLKGAIKGAIAVAKMVNH2,Free,Amidation,1,29.0,3057.8460000000005,0.6931034482758621,6.995,0.0,10.398315238952637,0.0,0.2413793103448276,700.0609999999999,0.021000000000000005,0.017666666666666667,0.9613333333333334,744.1894180179784,16.765908411732113,2.0,1156.587890625,2794.1435396875036,44.3,
DRAMP29016,IKLSPETKDNLKKVLKGⓍIKGⓍIAVAKMV,IKLSPETKDNLKKVLKGXIKGXIAVAKMV,IKLSPETKDNLKKVLKGXIKGXIAVAKMVNH2,Free,Amidation,1,29.0,3158.9070000000006,0.32758620689655166,5.996,0.0,10.125549507141113,0.0,0.2413793103448276,738.565,0.010666666666666666,0.03466666666666667,0.954666666666667,631.1080162267691,14.734556555348822,2.0,1225.6602783203125,2783.8956768772077,44.3,
DRAMP29017,IKLSPⓍTKDⓍLKKVLKGⓍIKGⓍIAVAKMV,IKLSPXTKDXLKKVLKGXIKGXIAVAKMV,IKLSPXTKDXLKKVLKGXIKGXIAVAKMVNH2,Free,Amidation,1,29.0,3170.0640000000008,0.8517241379310344,6.995,0.0,10.398315238952637,0.0,0.2413793103448276,948.9650000000001,0.08533333333333332,0.0,0.9146666666666665,483.31925400215084,15.84941243446121,4.0,1131.4586181640625,2819.478609203505,44.6,
DRAMP29019,IKLSKⓍTKDⓍLKKVLKGAIKGAIAVAKMV,IKLSKXTKDXLKKVLKGAIKGAIAVAKMV,IKLSKXTKDXLKKVLKGAIKGAIAVAKMVNH2,Free,Amidation,1,29.0,3088.9040000000005,0.6137931034482759,7.995,0.0,10.477417945861816,0.0,0.27586206896551724,671.454,0.035666666666666666,0.0,0.9643333333333334,398.60560369271656,20.002384726813418,0.0,1166.35009765625,2916.457348011819,44.3,
DRAMP29020,IKLSPⓍTKKⓍLKKVLKGAIKGAIAVAKMV,IKLSPXTKKXLKKVLKGAIKGAIAVAKMV,IKLSPXTKKXLKKVLKGAIKGAIAVAKMVNH2,Free,Amidation,1,29.0,3070.9330000000004,0.6793103448275862,8.994,0.0,10.845339012145995,0.0,0.27586206896551724,700.0609999999999,0.03233333333333334,0.0,0.9676666666666669,626.7978670426796,17.78427037216214,1.0,1152.7486572265625,2962.6100602121865,44.3,
DRAMP29021,IKLSKⓍTKKⓍLKKVLKGAIKGAIAVAKMV,IKLSKXTKKXLKKVLKGAIKGAIAVAKMV,IKLSKXTKKXLKKVLKGAIKGAIAVAKMVNH2,Free,Amidation,1,29.0,3101.9910000000004,0.6000000000000001,9.994,0.0,10.903296089172361,0.0,0.3103448275862069,671.454,0.047666666666666656,0.0,0.9523333333333335,823.7896564427399,18.294107096091853,0.0,1176.744140625,3019.1998491791524,44.2,
DRAMP29022,IKLSKKTKKNLKKVLKGⓍIKGⓍIAVAKMV,IKLSKKTKKNLKKVLKGXIKGXIAVAKMV,IKLSKKTKKNLKKVLKGXIKGXIAVAKMVNH2,Free,Amidation,1,29.0,3202.1120000000005,0.22068965517241382,10.994,0.0,10.954419517517088,0.0,0.3448275862068966,709.9580000000001,0.09133333333333331,0.0,0.9086666666666665,937.4441618103054,15.46345648500357,0.0,1250.4400634765625,2958.816060107263,44.5,
DRAMP29023,IKLSKETKKNLKKVLKGⓍIKGⓍIAVAKMV,IKLSKETKKNLKKVLKGXIKGXIAVAKMV,IKLSKETKKNLKKVLKGXIKGXIAVAKMVNH2,Free,Amidation,1,29.0,3203.0520000000006,0.23448275862068965,8.995,0.0,10.54433612823486,0.0,0.3103448275862069,709.9580000000001,0.018000000000000002,0.0,0.9820000000000002,360.278641303906,19.020778741207106,1.0,1262.4964599609375,3068.6594053199656,44.4,
DRAMP29024,IKLSPⓍTKKⓍLKKVLKGⓍIKGⓍIAVAKMV,IKLSPXTKKXLKKVLKGXIKGXIAVAKMV,IKLSPXTKKXLKKVLKGXIKGXIAVAKMVNH2,Free,Amidation,1,29.0,3183.1510000000003,0.8379310344827585,8.994,0.0,10.845339012145995,0.0,0.27586206896551724,948.9650000000001,0.07933333333333334,0.0,0.9206666666666666,525.7292571779935,16.84012905409189,2.0,1123.2843017578125,2940.5364569219096,44.6,
DRAMP29025,IKLSKⓍTKKⓍLKKVLKGⓍIKGⓍIAVAKMV,IKLSKXTKKXLKKVLKGXIKGXIAVAKMV,IKLSKXTKKXLKKVLKGXIKGXIAVAKMVNH2,Free,Amidation,1,29.0,3214.2090000000003,0.7586206896551724,9.994,0.0,10.903296089172361,0.0,0.3103448275862069,920.358,0.09233333333333332,0.0,0.907666666666667,813.9652485788238,14.351547263370229,2.0,1114.535400390625,2761.774049262986,45.0,
DRAMP29026,IKLSKETKKNLKKVLKGⓍIKGⓍIAVAKMV,IKLSKETKKNLKKVLKGXIKGXIAVAKMV,IKLSKETKKNLKKVLKGXIKGXIAVAKMVNH2,Free,Amidation,1,29.0,3203.0520000000006,0.23448275862068965,8.995,0.0,10.54433612823486,0.0,0.3103448275862069,709.9580000000001,0.15533333333333335,0.0013333333333333333,0.8433333333333334,438.6866620969767,18.465956967812932,1.0,1248.3358154296875,2993.3835174003257,43.6,
DRAMP29027,IKLSKKTKKNLKKVLKGⓍIKGⓍIAVAKMV,IKLSKKTKKNLKKVLKGXIKGXIAVAKMV,IKLSKKTKKNLKKVLKGXIKGXIAVAKMVNH2,Free,Amidation,1,29.0,3202.1120000000005,0.22068965517241382,10.994,0.0,10.954419517517088,0.0,0.3448275862068966,709.9580000000001,0.02,0.0,0.98,627.0030524894835,19.5389571832703,0.0,1255.1102294921875,3130.6645221742288,43.4,
DRAMP29032,KLLKKAGKLLKKⓏGKLLKKⓍG,KLLKKAGKLLKKZGKLLKKXG,KLLKKAGKLLKKR8GKLLKKXG,Free,Free,1,21.0,2389.1420000000003,0.09523809523809518,8.994,0.0,10.903296089172361,0.0,0.42857142857142855,693.5260000000001,0.014285714285714284,0.0009523809523809524,0.9847619047619048,420.40729827421626,13.381266034644893,2.0,915.57666015625,2326.783609700295,44.3,
DRAMP29033,KLLKKⓏGKLLKKⓍGKLLKKAG,KLLKKZGKLLKKXGKLLKKAG,KLLKKR8GKLLKKXGKLLKKAG,Free,Free,1,21.0,2389.142,0.09523809523809518,8.994,0.0,10.903296089172361,0.0,0.42857142857142855,755.7520000000002,0.20809523809523803,0.015238095238095238,0.7766666666666666,216.31713833355275,10.333935263463186,0.0,885.8768310546875,2144.325963770277,41.7,
DRAMP29235,TIEEQAKTⓍLDKⓍNHEAEDLFYQⓍSLAⓍWN,TIEEQAKTXLDKXNHEAEDLFYQXSLAXWN,TIEEQAKTXLDKXNHEAEDLFYQXSLAXWNNH2,Acylation,Amidation,1,30.0,3584.9549999999995,-0.33000000000000007,-2.9,0.1,4.3520708084106445,0.0,0.06666666666666667,631.558,0.1,0.0,0.9000000000000001,507.42598647460056,16.273282361470635,0.0,1442.3563232421875,2954.834224715555,44.7,
DRAMP29236,TIEEQⓏKTFLDKⓍNHEAEDLⓏYQSSLAⓍWN,TIEEQZKTFLDKXNHEAEDLZYQSSLAXWN,TIEEQR8KTFLDKXNHEAEDLR8YQSSLAXWNNH2,Acylation,Amidation,1,30.0,3685.1159999999995,-0.05000000000000007,-2.9,0.1,4.3520708084106445,0.0,0.06666666666666667,616.1800000000001,0.0,0.0025806451612903226,0.9974193548387098,327.74472828872297,11.790546560565081,3.0,1444.048828125,2731.1508274951134,44.8,
DRAMP29237,TIEEQAKTⓍLDKⓍNHEAEDLⓏYQSSLAⓍWN,TIEEQAKTXLDKXNHEAEDLZYQSSLAXWN,TIEEQAKTXLDKXNHEAEDLR8YQSSLAXWNNH2,Acylation,Amidation,1,30.0,3566.9369999999994,-0.2666666666666668,-2.9,0.06666666666666667,4.3520708084106445,0.0,0.06666666666666667,440.371,0.015483870967741932,0.0032258064516129032,0.981290322580645,736.0853359446488,16.67240396272957,3.0,1445.1605224609375,2961.9638658772783,43.9,
DRAMP29238,TIEEQⓏKTFLDKⓍNHEAEDLFYQⓍSLAⓍWN,TIEEQZKTFLDKXNHEAEDLFYQXSLAXWN,TIEEQR8KTFLDKXNHEAEDLFYQXSLAXWNNH2,Acylation,Amidation,1,30.0,3703.1339999999996,-0.11333333333333345,-2.9,0.13333333333333333,4.3520708084106445,0.0,0.06666666666666667,807.3670000000001,0.05516129032258064,0.0,0.9448387096774195,329.25141501955045,14.19773382507889,0.0,1431.3907470703125,2905.772324095806,44.0,
DRAMP29239,IEEQAKTFLDKFNHEⓀEDLⒺYQSSLASWNYNTNIT,IEEQAKTFLDKFNHEKEDLEYQSSLASWNYNTNIT,IEEQAKTFLDKFNHEKEDLEYQSSLASWNYNTNIT,Free,Free,1,35.0,4207.3679999999995,-1.1085714285714285,-3.899,0.14285714285714285,4.487120246887207,0.0,0.08571428571428572,378.46000000000004,0.06685714285714286,0.0,0.933142857142857,729.385921503164,24.477615735099924,2.0,1807.365966796875,3549.4569160592114,44.5,
DRAMP29240,IEEQAKTFLDKⓀNHEⒺEDLFYQSSLASWNYNTNIT,IEEQAKTFLDKKNHEEEDLFYQSSLASWNYNTNIT,IEEQAKTFLDKKNHEEEDLFYQSSLASWNYNTNIT,Free,Free,1,35.0,4207.367999999999,-1.1085714285714285,-3.899,0.14285714285714285,4.487120246887207,0.0,0.08571428571428572,267.681,0.08285714285714285,0.0,0.9171428571428574,1308.68497927536,23.36819227918175,0.0,1829.781005859375,3562.8990769599045,42.9,
DRAMP29241,IEEQAKTⓀLDKⒺNHEAEDLFYQSSLASWNYNTNIT,IEEQAKTKLDKENHEAEDLFYQSSLASWNYNTNIT,IEEQAKTKLDKENHEAEDLFYQSSLASWNYNTNIT,Free,Free,1,35.0,4131.2699999999995,-1.137142857142857,-3.899,0.11428571428571428,4.487120246887207,0.0,0.08571428571428572,294.286,0.12542857142857142,0.0,0.8745714285714287,1249.0478925114421,20.853555971640223,1.0,1834.4930419921875,3396.790745017591,43.8,
